attempt,k,depth_from_terminal,status,adaptive_status,adaptive_iters,selected_scale,cost,logvolume,volume,axis_radii,min_axis_radius,max_axis_radius,principal_radii,min_principal_radius,max_principal_radius,L_state,L_extra,max_L_state,max_L_extra,Xbar_radius,Ubar_radius,required_X_radius,required_U_radius,max_required_X_over_box,max_required_U_over_box,candidate_statuses,candidate_scales,phase
1,66,1,ok,fixed,1,nothing,137.93594227437595,-0.6518739814766734,0.5210683887349516,"[0.26095178, 0.2088067, 1.465151, 1.4776107]",0.20880669523972584,1.4776106662569557,"[1.4780293, 1.4683327, 0.25362213, 0.19183609]",0.19183608925881884,1.4780292933295465,"[0.11099616, 0.15866706, 4.821352, 6.9519781]","[0, 0]",6.951978084407559,0.0,"[0.1, 0.1, 0.1, 0.1]",[0.01],"[0.26095178, 0.2088067, 1.465151, 1.4776107]",[0.0028062931],14.776106662569557,0.2806293147841912,[],[],terminal-large
2,65,2,ok,fixed,1,nothing,78.02720483023995,-2.182249208431015,0.11278756239750261,"[0.21823047, 0.16490862, 0.86816616, 0.89402346]",0.16490861639815643,0.8940234643086864,"[0.89990846, 0.87050927, 0.19357799, 0.15071753]",0.15071752575715897,0.8999084601904281,"[0.11327368, 0.16040672, 4.994068, 7.1394201]","[0, 0]",7.139420123601452,0.0,"[0.1, 0.1, 0.1, 0.1]",[0.01],"[0.21823047, 0.16490862, 0.86816616, 0.89402346]",[0.0018167228],8.940234643086864,0.18167227736932576,[],[],terminal-large
3,64,3,ok,fixed,1,nothing,93.51936644772208,-3.502473105088602,0.030122794390987855,"[0.17735189, 0.14128243, 0.5992511, 0.62151314]",0.14128242677855085,0.621513143500639,"[0.63725364, 0.5972746, 0.15023245, 0.10675185]",0.10675184800594288,0.6372536395456965,"[0.11360075, 0.15947661, 5.0689979, 7.1856947]","[0, 0]",7.185694685093607,0.0,"[0.1, 0.1, 0.1, 0.1]",[0.01],"[0.17735189, 0.14128243, 0.5992511, 0.62151314]",[0.0019197883],6.2151314350063895,0.19197882605314362,[],[],terminal-large
4,63,4,ok,fixed,1,nothing,98.5116582025407,-4.7963790210692325,0.008259600806985446,"[0.14264284, 0.12717055, 0.45792931, 0.46890189]",0.12717054747335874,0.46890189091638984,"[0.48859957, 0.45728274, 0.11973318, 0.062565786]",0.06256578640745104,0.48859957187532066,"[0.11065309, 0.15300233, 5.0004294, 7.0493541]","[0, 0]",7.0493540667349395,0.0,"[0.1, 0.1, 0.1, 0.1]",[0.01],"[0.14264284, 0.12717055, 0.45792931, 0.46890189]",[0.0017107226],4.689018909163898,0.1710722605148965,[],[],box-inconsistent
5,62,5,ok,fixed,1,nothing,135.91900604961074,-6.216558627627465,0.001996102743681202,"[0.11292758, 0.110824, 0.35904465, 0.36032042]",0.11082400332677475,0.3603204177699554,"[0.37979471, 0.36043387, 0.092776529, 0.031849346]",0.031849345779963574,0.37979470538839416,"[0.110982, 0.14506637, 4.9622676, 6.6441554]","[0, 0]",6.644155368135984,0.0,"[0.1, 0.1, 0.1, 0.1]",[0.01],"[0.11292758, 0.110824, 0.35904465, 0.36032042]",[0.0017951552],3.6032041776995536,0.1795155192902997,[],[],box-inconsistent
6,61,6,ok,fixed,1,nothing,77.57977428615817,-7.9077708267072655,0.0003678737215274743,"[0.08024319, 0.086340382, 0.24356779, 0.23862035]",0.08024319041041075,0.24356779326304323,"[0.25549535, 0.24396247, 0.071284819, 0.016777449]",0.016777449267120662,0.2554953515307886,"[0.11789406, 0.15364963, 5.2402665, 6.772176]","[0, 0]",6.77217599427735,0.0,"[0.1, 0.1, 0.1, 0.1]",[0.01],"[0.08024319, 0.086340382, 0.24356779, 0.23862035]",[0.0015309265],2.435677932630432,0.15309265390917393,[],[],box-inconsistent
7,60,7,ok,fixed,1,nothing,131.4737673229295,-9.579428739587271,6.91364313538075e-5,"[0.05723282, 0.065806507, 0.16130562, 0.15348849]",0.0572328200694388,0.16130562206132204,"[0.16973119, 0.15902233, 0.054750845, 0.0094803988]",0.00948039877058454,0.16973118947801943,"[0.12789741, 0.16933464, 5.6466756, 7.4810424]","[0, 0]",7.481042416269087,0.0,"[0.1, 0.1, 0.1, 0.1]",[0.01],"[0.05723282, 0.065806507, 0.16130562, 0.15348849]",[0.0013868095],1.6130562206132204,0.13868095402235178,[],[],box-inconsistent
8,59,8,ok,fixed,1,nothing,146.66966113529756,-11.135212769588994,1.4589437213868707e-5,"[0.04273159, 0.051086313, 0.10794393, 0.098897578]",0.042731589976518575,0.10794393360664241,"[0.11600104, 0.10282322, 0.042491643, 0.005833271]",0.005833271041938208,0.116001041314704,"[0.1372966, 0.18257902, 5.9901707, 7.9979563]","[0, 0]",7.9979563328986245,0.0,"[0.1, 0.1, 0.1, 0.1]",[0.01],"[0.04273159, 0.051086313, 0.10794393, 0.098897578]",[0.0011955297],1.079439336066424,0.11955297276783844,[],[],box-inconsistent
9,58,9,ok,fixed,1,nothing,98.34895182709667,-12.584049357240028,3.4262322934920152e-6,"[0.033463346, 0.040733435, 0.069115887, 0.060034646]",0.033463345975908554,0.06911588672663097,"[0.080164813, 0.059372357, 0.034508397, 0.0042272136]",0.004227213584577581,0.0801648127793649,"[0.14665077, 0.19786737, 6.3958783, 8.7427754]","[0, 0]",8.74277541560636,0.0,"[0.1, 0.1, 0.1, 0.1]",[0.01],"[0.033463346, 0.040733435, 0.069115887, 0.060034646]",[0.0011923859],0.6911588672663096,0.11923859497386059,[],[],large-remainder
10,57,10,ok,fixed,1,nothing,306.08694685045714,-14.027910975397315,8.086408388425463e-7,"[0.025868915, 0.031269516, 0.04160793, 0.042888823]",0.025868915040720832,0.0428888226380749,"[0.058073678, 0.033733137, 0.026403435, 0.0031680311]",0.0031680311044788604,0.05807367832609357,"[0.14886475, 0.20641581, 6.584387, 9.3436173]","[0, 0]",9.343617287030586,0.0,"[0.1, 0.1, 0.1, 0.1]",[0.01],"[0.025868915, 0.031269516, 0.04160793, 0.042888823]",[0.0012715582],0.42888822638074897,0.1271558247712388,[],[],large-remainder
11,56,11,ok,fixed,1,nothing,253.60441720258493,-15.774194609358181,1.4104390538095341e-7,"[0.017696417, 0.019351604, 0.030633522, 0.040793611]",0.017696416725596242,0.0407936107359321,"[0.04337645, 0.0338681, 0.016129462, 0.0012062015]",0.0012062014992393756,0.043376450214844056,"[0.15015763, 0.20852983, 6.8116007, 9.7356578]","[0, 0]",9.735657849207541,0.0,"[0.1, 0.1, 0.1, 0.1]",[0.01],"[0.017696417, 0.019351604, 0.030633522, 0.040793611]",[0.0013393968],0.407936107359321,0.1339396762800422,[],[],large-remainder
12,55,12,ok,fixed,1,nothing,444.2288581767197,-17.7017270540788,2.0522847605400635e-8,"[0.011522325, 0.011921992, 0.025435369, 0.031920084]",0.011522325155489191,0.03192008426657297,"[0.032488052, 0.027131701, 0.012206374, 0.00038652759]",0.0003865275941789535,0.032488051558510755,"[0.18263416, 0.20015813, 8.3556866, 9.8878606]","[0, 0]",9.887860580781632,0.0,"[0.1, 0.1, 0.1, 0.1]",[0.01],"[0.011522325, 0.011921992, 0.025435369, 0.031920084]",[0.0013706913],0.31920084266572973,0.13706912725400738,[],[],large-remainder
13,54,13,ok,fixed,1,nothing,174.44004022550664,-19.69380671053079,2.7995512218249564e-9,"[0.007555733, 0.0083458422, 0.019814235, 0.022744753]",0.007555733036345505,0.022744752839139515,"[0.023986948, 0.019807589, 0.0083027083, 0.00014381106]",0.00014381105996434415,0.02398694750618636,"[0.21452568, 0.19107704, 9.908867, 9.590892]","[0, 0]",9.908866982988906,0.0,"[0.1, 0.1, 0.1, 0.1]",[0.01],"[0.007555733, 0.0083458422, 0.019814235, 0.022744753]",[0.0020283813],0.22744752839139515,0.20283813154227756,[],[],large-remainder
14,53,14,ok,fixed,1,nothing,89.36559497406336,-21.476859377656588,4.706721306144749e-10,"[0.0048295155, 0.0055315134, 0.014064845, 0.015612046]",0.004829515452452345,0.015612045969030819,"[0.01744121, 0.012835658, 0.0051498496, 8.2729319e-05]",8.272931897523333e-5,0.017441209767145634,"[0.23824081, 0.23152199, 11.177053, 11.085187]","[0, 0]",11.177052522803212,0.0,"[0.1, 0.1, 0.1, 0.1]",[0.01],"[0.0048295155, 0.0055315134, 0.014064845, 0.015612046]",[0.0022739562],0.1561204596903082,0.2273956167612801,[],[],large-remainder
15,52,15,ok,fixed,1,nothing,87.38381246547408,-21.686319295817263,3.817255214526282e-10,"[0.0038706515, 0.0045797086, 0.011396161, 0.011880329]",0.0038706514651659597,0.011880328544458363,"[0.013970245, 0.0098658881, 0.0038006642, 0.00014766641]",0.00014766641144962715,0.013970245446019257,"[0.24772224, 0.26832318, 11.839938, 12.776918]","[0, 0]",12.776917970498111,0.0,"[0.1, 0.1, 0.1, 0.1]",[0.01],"[0.0038706515, 0.0045797086, 0.011396161, 0.011880329]",[0.0047403121],0.11880328544458363,0.4740312114740726,[],[],large-remainder
16,51,16,ok,fixed,1,nothing,262.3743522930534,-21.683800815964883,3.82688101097484e-10,"[0.0034245502, 0.0041205616, 0.0099837348, 0.0093891147]",0.003424550192502618,0.009983734759756741,"[0.011752548, 0.0082523591, 0.0032016894, 0.0002497387]",0.00024973869936553423,0.011752548249816594,"[0.23994843, 0.28475347, 11.695758, 13.598972]","[0, 0]",13.598972145962303,0.0,"[0.1, 0.1, 0.1, 0.1]",[0.01],"[0.0034245502, 0.0041205616, 0.0099837348, 0.0093891147]",[0.013496175],0.0998373475975674,1.3496175356540092,[],[],box-inconsistent
17,50,17,ok,fixed,1,nothing,347.5139745640943,-22.165389816528393,2.364250630069347e-10,"[0.0032580953, 0.0040067325, 0.0083953425, 0.0061837338]",0.0032580952775530287,0.008395342470060577,"[0.0090212193, 0.0069053856, 0.0024955371, 0.0003081815]",0.00030818149637954465,0.009021219265820727,"[0.21172449, 0.26853103, 10.56676, 12.997938]","[0, 0]",12.997937797612256,0.0,"[0.1, 0.1, 0.1, 0.1]",[0.01],"[0.0032580953, 0.0040067325, 0.0083953425, 0.0061837338]",[0.0054726568],0.08395342470060577,0.5472656765440901,[],[],large-remainder
18,49,18,ok,fixed,1,nothing,188.69666743723224,-22.69466562047137,1.3926178336701024e-10,"[0.0032908933, 0.0040167317, 0.0068504622, 0.0023681302]",0.002368130213359361,0.006850462163183687,"[0.0073055727, 0.0048966628, 0.001344656, 0.00058667358]",0.0005866735834413312,0.0073055727081519205,"[0.17265474, 0.23048313, 9.0141325, 11.292954]","[0, 0]",11.292953957680114,0.0,"[0.1, 0.1, 0.1, 0.1]",[0.01],"[0.0032908933, 0.0040167317, 0.0068504622, 0.0023681302]",[0.0024395263],0.06850462163183686,0.24395263391720018,[],[],large-remainder
19,48,19,ok,fixed,1,nothing,357.9194432515846,-23.19839393413442,8.415220990540506e-11,"[0.0032852869, 0.0038557803, 0.0060634448, 0.0028386937]",0.0028386936650895795,0.006063444840882485,"[0.0069052023, 0.0039352598, 0.0026946937, 0.00023288234]",0.00023288233573195193,0.006905202299859438,"[0.19110561, 0.31627729, 8.3325746, 13.990895]","[0, 0]",13.990895005913696,0.0,"[0.1, 0.1, 0.1, 0.1]",[0.01],"[0.0032852869, 0.0038557803, 0.0060634448, 0.0028386937]",[0.005437117],0.06063444840882484,0.5437117046957103,[],[],large-remainder
20,47,20,ok,fixed,1,nothing,259.00832607175977,-24.322035272320957,2.7357366750070808e-11,"[0.0026642402, 0.0029073292, 0.0048132673, 0.0049573147]",0.0026642401850441146,0.004957314748570284,"[0.006536509, 0.0035525788, 0.0028176775, 8.4727362e-05]",8.472736185814279e-5,0.006536508956174732,"[0.2410095, 0.38251169, 10.831702, 17.407641]","[0, 0]",17.407641215375364,0.0,"[0.1, 0.1, 0.1, 0.1]",[0.01],"[0.0026642402, 0.0029073292, 0.0048132673, 0.0049573147]",[0.0051993998],0.04957314748570284,0.5199399841017178,[],[],large-remainder
21,46,21,ok,fixed,1,nothing,128.94826825958253,-23.227474071113026,8.174029154089322e-11,"[0.0024878854, 0.0025139809, 0.0043837465, 0.0061522834]",0.0024878853955313243,0.006152283390823348,"[0.0071562931, 0.0033523132, 0.0026569593, 0.00025986562]",0.00025986561786793007,0.007156293144364744,"[0.26725928, 0.40359161, 12.292298, 18.927259]","[0, 0]",18.92725888168809,0.0,"[0.1, 0.1, 0.1, 0.1]",[0.01],"[0.0024878854, 0.0025139809, 0.0043837465, 0.0061522834]",[0.0014144036],0.06152283390823348,0.14144035595520862,[],[],large-remainder
22,45,22,ok,fixed,1,nothing,140.72012265238192,-23.539881817715127,5.980799204196408e-11,"[0.0024524128, 0.0023683411, 0.0039650616, 0.0067253652]",0.002368341120885633,0.0067253651793121386,"[0.0073938537, 0.0035772149, 0.0022513675, 0.00020352942]",0.00020352942451880857,0.0073938536876498,"[0.26390066, 0.38136027, 12.224273, 18.12207]","[0, 0]",18.122069859382677,0.0,"[0.1, 0.1, 0.1, 0.1]",[0.01],"[0.0024524128, 0.0023683411, 0.0039650616, 0.0067253652]",[0.0041873074],0.06725365179312139,0.4187307436125164,[],[],large-remainder
23,44,23,ok,fixed,1,nothing,341.02112959597366,-24.003451777410728,3.7621260842070754e-11,"[0.0023672281, 0.002272135, 0.0036577175, 0.0064246495]",0.0022721349649113686,0.006424649529385328,"[0.0068337277, 0.0039642048, 0.0017262839, 0.00016301877]",0.00016301877406965285,0.006833727686133039,"[0.23972635, 0.33275125, 11.004995, 15.77959]","[0, 0]",15.779589734213058,0.0,"[0.1, 0.1, 0.1, 0.1]",[0.01],"[0.0023672281, 0.002272135, 0.0036577175, 0.0064246495]",[0.0016082592],0.06424649529385328,0.1608259229267683,[],[],large-remainder
24,43,24,ok,fixed,1,nothing,174.99767207387308,-24.078649170424725,3.4895990789011845e-11,"[0.0020446713, 0.0020716949, 0.0034563319, 0.0050692254]",0.0020446712673914576,0.005069225362285513,"[0.0053243914, 0.004046058, 0.001146367, 0.0002863387]",0.0002863387001268346,0.0053243914172869415,"[0.2080318, 0.27615494, 9.5198025, 13.097462]","[0, 0]",13.097462303762388,0.0,"[0.1, 0.1, 0.1, 0.1]",[0.01],"[0.0020446713, 0.0020716949, 0.0034563319, 0.0050692254]",[0.0020016061],0.05069225362285513,0.20016060554748724,[],[],large-remainder
25,42,25,ok,fixed,1,nothing,401.1763937543445,-24.082828167469017,3.475046483470224e-11,"[0.0018278449, 0.0020394423, 0.0038409289, 0.0041044197]",0.0018278448965012388,0.004104419689699442,"[0.0047119094, 0.004014145, 0.00071725116, 0.00051907441]",0.0005190744090562538,0.004711909444795678,"[0.16323986, 0.21736028, 7.624299, 10.482819]","[0, 0]",10.482819267979988,0.0,"[0.1, 0.1, 0.1, 0.1]",[0.01],"[0.0018278449, 0.0020394423, 0.0038409289, 0.0041044197]",[0.0022467058],0.04104419689699442,0.22467058235880907,[],[],large-remainder
26,41,26,ok,fixed,1,nothing,271.2214889989724,-24.06967266512529,3.52106449698812e-11,"[0.0016137479, 0.0020445166, 0.004430087, 0.0037393832]",0.0016137479440616342,0.004430086990643695,"[0.0050276819, 0.003740519, 0.00098812463, 0.00038396607]",0.0003839660697636469,0.005027681881895348,"[0.12078215, 0.158581, 5.6430843, 7.7601106]","[0, 0]",7.760110590688902,0.0,"[0.1, 0.1, 0.1, 0.1]",[0.01],"[0.0016137479, 0.0020445166, 0.004430087, 0.0037393832]",[0.0022750566],0.04430086990643695,0.22750565852149557,[],[],large-remainder
27,40,27,ok,fixed,1,nothing,207.71590583466585,-24.071130669152083,3.515934511451465e-11,"[0.0013774436, 0.0020213289, 0.0048886349, 0.0039222272]",0.0013774435622950724,0.0048886349430284325,"[0.0053200258, 0.0039200173, 0.0012327717, 0.00027713199]",0.0002771319875878697,0.005320025831826391,"[0.12245866, 0.15791694, 5.2742956, 6.6870425]","[0, 0]",6.68704249744225,0.0,"[0.1, 0.1, 0.1, 0.1]",[0.01],"[0.0013774436, 0.0020213289, 0.0048886349, 0.0039222272]",[0.0042183451],0.048886349430284325,0.42183450503360437,[],[],large-remainder
28,39,28,ok,fixed,1,nothing,287.4943476090285,-24.38085361649779,2.579466014625606e-11,"[0.0010936153, 0.001869926, 0.0047288979, 0.0041163042]",0.001093615292161224,0.0047288979221246094,"[0.0051095996, 0.0040537659, 0.0011886784, 0.00021230008]",0.00021230008222957768,0.005109599607733445,"[0.12454081, 0.16511419, 5.3572059, 6.9860922]","[0, 0]",6.986092170452481,0.0,"[0.1, 0.1, 0.1, 0.1]",[0.01],"[0.0010936153, 0.001869926, 0.0047288979, 0.0041163042]",[0.0022940428],0.04728897922124609,0.22940428499249196,[],[],large-remainder
29,38,29,ok,fixed,1,nothing,109.59054678077435,-24.861951574159928,1.5943792073389794e-11,"[0.00085712248, 0.0017646379, 0.0047343425, 0.0044092267]",0.0008571224833438685,0.004734342479641362,"[0.0052363674, 0.0041350738, 0.0010800085, 0.00013815969]",0.00013815968929260875,0.00523636737276205,"[0.1173406, 0.15853592, 5.0754788, 6.7578968]","[0, 0]",6.757896828604746,0.0,"[0.1, 0.1, 0.1, 0.1]",[0.01],"[0.00085712248, 0.0017646379, 0.0047343425, 0.0044092267]",[0.005412287],0.04734342479641362,0.5412287044657548,[],[],large-remainder
30,37,30,ok,fixed,1,nothing,312.9708214397225,-26.489072167640785,3.1328682172550368e-12,"[0.00056611816, 0.0014056317, 0.0032254872, 0.0039860128]",0.0005661181632788344,0.0039860128079947385,"[0.0044104165, 0.0029528822, 0.00064131946, 7.6010261e-05]",7.601026127707346e-5,0.004410416547913059,"[0.10506105, 0.14201484, 4.6074874, 6.1338714]","[0, 0]",6.13387135513504,0.0,"[0.1, 0.1, 0.1, 0.1]",[0.01],"[0.00056611816, 0.0014056317, 0.0032254872, 0.0039860128]",[0.01958969],0.039860128079947384,1.9589690230377403,[],[],box-inconsistent
31,36,31,ok,fixed,1,nothing,302.7146373929066,-30.85155359256587,3.9933788788838223e-14,"[0.00012918631, 0.00043211425, 0.0011638165, 0.0014185393]",0.00012918630905933167,0.0014185393460551224,"[0.0016054183, 0.00096857667, 0.00023264854, 2.2369085e-05]",2.2369085309292574e-5,0.001605418312829503,"[0.089770585, 0.11950921, 4.0094079, 5.2949984]","[0, 0]",5.294998363475314,0.0,"[0.1, 0.1, 0.1, 0.1]",[0.01],"[0.00012918631, 0.00043211425, 0.0011638165, 0.0014185393]",[0.018461572],0.014185393460551223,1.8461572485706594,[],[],box-inconsistent
32,35,32,ok,fixed,1,nothing,137.12138837617584,-68.71250748476221,1.4405792721999556e-30,"[2.7304333e-08, 7.9797822e-08, 1.9554165e-07, 3.2734429e-07]",2.730433319425162e-8,3.2734428883731844e-7,"[3.8692026e-07, 5.2436641e-08, 6.5001951e-09, 2.2135263e-09]",2.2135263046865352e-9,3.869202588380853e-7,"[0.10481263, 0.12280785, 4.1965226, 4.9684891]","[0, 0]",4.9684890676048505,0.0,"[0.1, 0.1, 0.1, 0.1]",[0.01],"[2.7304333e-08, 7.9797822e-08, 1.9554165e-07, 3.2734429e-07]",[0.0053606401],3.273442888373184e-6,0.5360640078737399,[],[],large-remainder
33,34,33,infeasible,fixed_infeasible,1,nothing,NaN,NaN,NaN,nothing,NaN,NaN,nothing,NaN,NaN,"[0.1334244, 0.15482431, 5.4263819, 6.3414682]","[0, 0]",6.341468150290988,0.0,"[0.1, 0.1, 0.1, 0.1]",[0.01],nothing,nothing,NaN,NaN,[],[],failed
