Column1,Column2,Column3,Column4,Column5,Column6,Column7,Column8,Column9,Column10
time,q1_l,q1_r,q2_l,q2_r,ZMPx,ZMPy,CoMx,CoMy,CoMz
0.0,-9.710995236267613e-9,-9.710995236267613e-9,2.1073424255447017e-8,2.1073424255447017e-8,0.0,1.18,0.0,1.18,0.21902787835056647
0.02,-0.015135690794797475,-0.015135690794797475,0.03284557857424503,0.03284557857424503,0.0,1.18,0.0,1.1799923837689226,0.21899555984005856
0.04,-0.03006648998658867,-0.03006648998658867,0.06524798834363292,0.06524798834363292,0.0,1.18,0.0,1.1799474255219298,0.21890035125504878
0.06,-0.044790594585628535,-0.044790594585628535,0.0972046684493419,0.0972046684493419,0.0,1.18,0.0,1.179864097335619,0.21874487301530804
0.08,-0.05930611296975643,-0.05930611296975643,0.12871275460302586,0.12871275460302586,0.0,1.18,0.0,1.1797612550033947,0.2185317455406072
0.1,-0.07361106203286091,-0.07361106203286091,0.15976907745227312,0.15976907745227312,0.0,1.18,0.0,1.1796592835512156,0.21826358925071726
0.12,-0.08770336437634356,-0.08770336437634356,0.19037016041218868,0.19037016041218868,0.0,1.18,0.0,1.179572421144223,0.2179430245654091
0.14,-0.10158084551420851,-0.10158084551420851,0.22051221695905485,0.22051221695905485,0.0,1.18,0.0,1.1795074077895578,0.2175726719044536
0.16,-0.1152412310634061,-0.1152412310634061,0.25019114737873327,0.25019114737873327,0.0,1.18,0.0,1.1794650587644928,0.21715515168762167
0.18,-0.12868214389155316,-0.12868214389155316,0.27940253495897815,0.27940253495897815,0.0,1.18,0.0,1.1794426165602219,0.21669308433468426
0.2,-0.1419011011942602,-0.1419011011942602,0.3081416416112944,0.3081416416112944,0.0,1.18,0.0,1.1794357977865755,0.21618909026541228
0.22,-0.15489551147389133,-0.15489551147389133,0.3364034029040307,0.3364034029040307,0.0,1.18,0.0,1.1794401664613776,0.2156457898995766
0.24,-0.16766267139083318,-0.16766267139083318,0.3641824224843445,0.3641824224843445,0.0,1.18,0.0,1.1794518549818487,0.2150658036569482
0.26,-0.18019976245711578,-0.18019976245711578,0.3914729658621381,0.3914729658621381,0.0,1.18,0.0,1.1794678102841267,0.2144517519572979
0.28,-0.19250384754060507,-0.19250384754060507,0.4182689535241881,0.4182689535241881,0.0,1.18,0.0,1.1794857622820014,0.21380625522039667
0.3,-0.20457186714592845,-0.20457186714592845,0.4445639533413463,0.4445639533413463,0.0,1.18,0.0,1.1795040695190533,0.21313193386601545
0.32,-0.2164006354357183,-0.2164006354357183,0.4703511722256201,0.4703511722256201,0.0,1.18,0.0,1.1795215398234928,0.21243140831392507
0.34,-0.22798683595283312,-0.22798683595283312,0.49562344698751243,0.49562344698751243,0.0,1.18,0.0,1.1795372748627462,0.2117072989838965
0.36,-0.23932701700060335,-0.23932701700060335,0.5203732343364015,0.5203732343364015,0.0,1.18,0.0,1.1795505544390974,0.2109622262957007
0.38,-0.25041758663413904,-0.25041758663413904,0.5445925999585988,0.5445925999585988,0.0,1.18,0.0,1.1795607582991847,0.21019881066910842
0.4,-0.26125480721102207,-0.26125480721102207,0.5682732065983048,0.5682732065983048,0.0,1.18,0.0,1.1795673160030102,0.2094196725238907
0.42,-0.2718347894443503,-0.2718347894443503,0.5914063010561125,0.5914063010561125,0.0,1.18,0.0,1.1795696745407862,0.20862743227981848
0.44,-0.28215348589502376,-0.28215348589502376,0.6139827000077529,0.6139827000077529,0.0,1.18,0.0,1.1795672754203657,0.20782471035666256
0.46,-0.29220668383322,-0.29220668383322,0.6359927745321032,0.6359927745321032,0.0,1.18,0.0,1.179559535688161,0.2070141271741939
0.48,-0.3019899973911452,-0.3019899973911452,0.657426433221907,0.657426433221907,0.0,1.18,0.0,1.1795458296971546,0.20619830315218343
0.5,-0.31149885892022144,-0.31149885892022144,0.6782731037328361,0.6782731037328361,0.0,1.18,0.0,1.1795254700344968,0.20537985871040207
0.52,-0.32072850945570686,-0.32072850945570686,0.6985217126060257,0.6985217126060257,0.0,1.18,0.0,1.1794976869069032,0.20456141426862065
0.54,-0.32967398818019167,-0.32967398818019167,0.7181606631756471,0.7181606631756471,0.0,1.18,0.0,1.1794616056578593,0.2037455902466102
0.56,-0.33833012076423463,-0.33833012076423463,0.7371778113458763,0.7371778113458763,0.0,1.18,0.0,1.1794162221873894,0.20293500706414155
0.58,-0.3466915064472781,-0.3466915064472781,0.7555604389900199,0.7555604389900199,0.0,1.18,0.0,1.1793603760587337,0.20213228514098566
0.6,-0.3547525037046857,-0.3547525037046857,0.7732952246879957,0.7732952246879957,0.0,1.18,0.0,1.1792927211464979,0.20134004489691337
0.62,-0.36250721432674216,-0.36250721432674216,0.7903682114756263,0.7903682114756263,0.0,1.18,0.0,1.1792116938829749,0.20056090675169566
0.64,-0.3699494657123464,-0.3699494657123464,0.8067647712293157,0.8067647712293157,0.0,1.18,0.0,1.1791154794873997,0.19979749112510345
0.66,-0.3770727911532514,-0.3770727911532514,0.8224695652511578,0.8224695652511578,0.0,1.18,0.0,1.179001976893601,0.19905241843690757
0.68,-0.3838704078532954,-0.3838704078532954,0.8374665005506232,0.8374665005506232,0.0,1.18,0.0,1.1788687631314159,0.198328309106879
0.7,-0.3903351923902057,-0.3903351923902057,0.8517386812376062,0.8517386812376062,0.0,1.18,0.0,1.178713057153907,0.19762778355478866
0.72,-0.39645965328403815,-0.39645965328403815,0.8652683543451364,0.8652683543451364,0.0,1.18,0.0,1.178531680806341,0.1969534622004074
0.74,-0.4022359002846673,-0.4022359002846673,0.8780368492851722,0.8780368492851722,0.0,1.18,0.0,1.1783210099881902,0.1963079654635062
0.76,-0.4076556099291302,-0.4076556099291302,0.8900245100036055,0.8900245100036055,0.0,1.18,0.0,1.1780769015295276,0.19569391376385592
0.78,-0.4127096944017559,-0.4127096944017559,0.9012106187354816,0.9012106187354816,0.0,1.18,9.832983251216075e-8,1.1777946224722213,0.19511392752122747
0.8,-0.4173873595779479,-0.4173873595779479,0.9115733100525003,0.9115733100525003,0.0,1.18,7.917340578721918e-7,1.1774688012496832,0.1945706271553918
0.82,-0.42167697250982183,-0.42167697250982183,0.9210894736114896,0.9210894736114896,0.0,1.18,2.6641755561817602e-6,1.1770929400029362,0.19406663308611985
0.84,-0.4255667357217133,-0.4255667357217133,0.9297346437577052,0.9297346437577052,0.0,1.18,6.143100075372921e-6,1.1766588161929608,0.1936045657331824
0.86,-0.4290447615823306,-0.4290447615823306,0.9374828738893826,0.9374828738893826,0.0,1.18,1.14563801856866e-5,1.176155863623922,0.19318704551635055
0.88,-0.43209885976680223,-0.43209885976680223,0.9443065930127268,0.9443065930127268,0.0,1.18,1.868195322372277e-5,1.1755705932496863,0.19281669285539502
0.9,-0.4347162368268415,-0.4347162368268415,0.950176441263692,0.950176441263692,0.0,1.18,2.7822296576493567e-5,1.1748862927035126,0.19249612817008685
0.92,-0.4368832085152804,-0.4368832085152804,0.9550610804458598,0.9550610804458598,0.0,1.18,3.8869677283231956e-5,1.1740834718794322,0.19222797188019689
0.94,-0.43858495829790983,-0.43858495829790983,0.9589269747902408,0.9589269747902408,0.0,1.18,5.185075030041881e-5,1.1731417439931422,0.1920148444054961
0.96,-0.43980533806687533,-0.43980533806687533,0.9617381360797426,0.9617381360797426,0.0,1.18,6.685136820344717e-5,1.1720439193209509,0.19185936616575533
0.98,-0.4405266913248323,-0.4405266913248323,0.9634558258971342,0.9634558258971342,0.0,1.18,8.402735234179891e-5,1.1707828134408975,0.19176415758074555
1.0,-0.44072967610857333,-0.44072967610857333,0.9640382059488325,0.9640382059488325,0.0,1.18,0.00010360755682091858,1.1693702994923953,0.19173183907023764
1.02,-0.44066230435834153,-0.44066230435834153,0.9640381160138833,0.9640381160138833,0.0,1.18,0.00012589420778833375,1.167846081607734,0.19173183907023764
1.04,-0.4405856037299553,-0.4405856037299553,0.9640379923802331,0.9640379923802331,0.0,1.154,0.00015126369781366073,1.1662802660622147,0.19173183907023764
1.06,-0.44244143935983643,-0.4404981992467686,0.96720870949371,0.9640378239273036,0.0,1.154,0.00018016948814139576,1.1647592293872928,0.19173183907023764
1.08,-0.4481046566512687,-0.44039846438519886,0.9765735009673766,0.9640375958570754,0.0,1.154,0.00021314775465080515,1.163353157729485,0.19173183907023764
1.1,-0.45737999201347174,-0.44028449488334664,0.9917040492365642,0.9640372884736802,0.0,1.154,0.0002508258756593697,1.1621019178456806,0.19173183907023764
1.12,-0.46996436403077,-0.44015407406620455,1.01193383294285,0.9640368755606328,0.0,1.154,0.0002939336679451103,1.1610176336387295,0.19173183907023764
1.1400000000000001,-0.48547333382660257,-0.44000462987337974,1.0364179629472239,0.9640363222212832,0.0,1.154,0.000343317289505312,1.1600934665767686,0.19173183907023764
1.1600000000000001,-0.5034693301349439,-0.43983318343317546,1.0641979476075765,0.9640355820046593,0.0,1.154,0.00039995583437777907,1.159312674904164,0.19173183907023764
1.18,-0.5234869880613797,-0.43963628859465215,1.0942613730331447,0.9640345930808043,0.0,1.154,0.00046498077933522947,1.1586554262916522,0.19173183907023764
1.2,-0.5450529280035209,-0.43940996139813354,1.1255906973818761,0.9640332731521842,0.0,1.154,0.0005396985735363122,1.158102890303841,0.19173183907023764
1.22,-0.5676992737381525,-0.43914959804942155,1.1571995114723677,0.9640315126843853,0.0,1.154,0.0006256167844185137,1.157639109736747,0.19173183907023764
1.24,-0.5909715981346935,-0.4388498795341675,1.1881574629391825,0.9640291659013784,0.0,1.154,0.0007244743347636968,1.1572514278581256,0.19173183907023764
1.26,-0.6144326886571614,-0.4385046605183528,1.2176063681546923,0.96402603880617,0.0,1.154,0.0008382765011378049,1.1569301672742571,0.19173183907023764
1.28,-0.6376637079745593,-0.43810683958415,1.2447702275443462,0.9640218732402224,0.0,1.154,0.0009693355051580571,1.1566680459043304,0.19173183907023764
1.3,-0.6602642069482012,-0.4376482071299256,1.268961429498589,0.9640163256623379,0.0,1.154,0.0011203177189038967,1.156459604828191,0.19173183907023764
1.32,-0.681852190203647,-0.43711926645650523,1.2895847779859055,0.9640089388801583,0.0,1.154,0.0012942987075663579,1.1563007651798136,0.19173183907023764
1.34,-0.7020651233277609,-0.4365090227949697,1.3061403471666384,0.9639991043674395,0.0,1.154,0.0014948274991032847,1.1561885356644335,0.19173183907023764
1.36,-0.7205624373761258,-0.43580473454629426,1.3182256630357192,0.963986012002925,0.0,1.154,0.0017260015158484846,1.1561208466771757,0.19173183907023764
1.3800000000000001,-0.7370297429840189,-0.43499162115737167,1.3255373718432417,0.9639685830234045,0.0,1.154,0.0019925534018493877,1.1560964737036343,0.19173183907023764
1.4000000000000001,-0.7511846299876581,-0.43405252325353255,1.32787237379362,0.963945380649263,0.0,1.154,0.0022999503933089317,1.1561150160800122,0.19173183907023764
1.4200000000000002,-0.7627836310829399,-0.43296751313438625,1.3251283553532573,0.9639144911823558,0.0,1.154,0.002654505821685379,1.1561769064949416,0.19173183907023764
1.44,-0.7716297121302346,-0.4317134572297081,1.3173037106432848,0.9638733663741945,0.0,1.154,0.0030635009042708603,1.1562834358426712,0.19173183907023764
1.46,-0.7775795553810441,-0.43026353516992216,1.304496961696782,0.963818615485358,0.0,1.154,0.0035353136387035328,1.1564367848854822,0.19173183907023764
1.48,-0.7805499416073025,-0.4285867193816928,1.2869059273238155,0.9637457325618758,0.0,1.154,0.004079551474248556,1.1566400587699894,0.19173183907023764
1.5,-0.7805226963937452,-0.4266472085190239,1.2648270144250588,0.9636487405451828,0.0,1.154,0.004707187420364478,1.1568973243088883,0.19173183907023764
1.52,-0.7775478959506458,-0.4244037786246399,1.2386550873401152,0.9635197275834846,0.0,1.154,0.005430708150913305,1.157213655343247,0.19173183907023764
1.54,-0.7717452600110289,-0.42180895699745424,1.2088843937885232,0.9633482393941167,0.0,1.154,0.006264300591489013,1.1575952007860484,0.19173183907023764
1.56,-0.7633038231843202,-0.41880782674537415,1.1761109752056131,0.9631204692234913,0.0,1.154,0.007224132493549079,1.1580493046879448,0.19173183907023764
1.58,-0.7524798111107974,-0.4153358266072677,1.1410370578413431,0.9628181162264802,0.0,1.154,0.00832891918923339,1.1585846761088077,0.19173183907023764
1.6,-0.7395925815769095,-0.41131473394710144,1.1044776661841127,0.9624166732105363,0.0,1.154,0.009601011718623282,1.1592116233631018,0.19173183907023764
1.62,-0.7250199822379102,-0.4066488286178166,1.067366766930461,0.9618830866881598,0.0,1.154,0.011067339298622395,1.1599428510188448,0.19173183907023764
1.6400000000000001,-0.709190709912999,-0.40121867207102635,1.0307621246053358,0.9611722477649995,0.0,1.154,0.012760980140005327,1.1607945158672968,0.19173183907023764
1.6600000000000001,-0.6925719971010393,-0.3948720779994225,0.995844794819704,0.9602216658141316,0.0,1.154,0.014723413620242938,1.161787430517812,0.19173183907023764
1.6800000000000002,-0.6756506702456219,-0.3874137181229668,0.9639050594937617,0.9589436993127229,0.0,1.154,0.01700689761176898,1.1629482373799584,0.19173183907023764
1.7,-0.6589050615074503,-0.37859668528257595,0.9363024461386255,0.9572150463622804,0.0,1.154,0.019675848362253903,1.1643100395844401,0.19173183907023764
1.72,-0.642766153716732,-0.36812220850514565,0.914385000538323,0.9548643448876537,0.0,1.154,0.022805323293698457,1.165911536242993,0.19173183907023764
1.74,-0.6275705495720815,-0.35565725332007986,0.8993570181031917,0.9516614134089149,0.0,1.154,0.02647392077706347,1.1677932770641142,0.19173183907023764
1.76,-0.6135170264740686,-0.34088269342549066,0.8921010163775182,0.9473166174886896,0.0,1.154,0.030748110229774937,1.1699894822240877,0.19173183907023764
1.78,-0.6006508752676173,-0.3235841646898321,0.8929903689888333,0.9415058011198433,0.0,1.154,0.03565607968157684,1.1725144267086445,0.19173183907023764
1.8,-0.5889065614433849,-0.3037879035580859,0.9017624300780662,0.9339412575760875,0.0,1.154,0.04115292934692284,1.1753443332779576,0.19173183907023764
1.82,-0.5769645336335949,-0.28191558093358293,0.9139164431584146,0.9245005692032582,0.0,1.154,0.04708692940196835,1.1783998222475183,0.19173183907023764
1.84,-0.5639253832736453,-0.2588742119243364,0.9249703545772595,0.9133810837633081,0.10000000000000031,1.2059999999999997,0.05318963401427441,1.1815407665655517,0.19173183907023764
1.86,-0.5505221818416483,-0.23859713796004595,0.9343584970431772,0.9052080246566203,0.1,1.206,0.05913024410318861,1.1845945544888674,0.19173183907023764
1.8800000000000001,-0.537485007289308,-0.22492029921949377,0.9418820298455918,0.904985526700352,0.1,1.206,0.06464047349630488,1.1874210115625725,0.19173183907023764
1.9000000000000001,-0.5253460128949459,-0.21846074418819558,0.9476616625188259,0.9133017840800685,0.1,1.206,0.06956891727416792,1.1899406611216936,0.19173183907023764
1.9200000000000002,-0.5143897095562603,-0.2192218320862906,0.9519833556365659,0.9300144961527499,0.1,1.206,0.07387117623916706,1.1921295754136214,0.19173183907023764
1.9400000000000002,-0.5046917384732632,-0.22672658883037555,0.9551696271571429,0.9543159039844633,0.1,1.206,0.07757612825232618,1.1940018205736167,0.19173183907023764
1.9600000000000002,-0.49619093871786424,-0.2402063395751535,0.9575086499074177,0.9849322986802364,0.1,1.206,0.08075113533164466,1.1955913456177074,0.19173183907023764
1.98,-0.48875789628207383,-0.25877221565894404,0.9592293331804782,1.020351099012626,0.1,1.206,0.08347589988739516,1.1969383662124946,0.19173183907023764
2.0,-0.4822438035160676,-0.28153477540459493,0.9605019397962306,1.0590038342662638,0.1,1.206,0.08582679259229918,1.1980811905925206,0.19173183907023764
2.02,-0.47650785942355917,-0.30766803312490665,0.9614488153546874,1.099381935720368,0.1,1.206,0.08786973369535116,1.199052489713825,0.19173183907023764
2.04,-0.4714282772076146,-0.33643075438038195,0.9621567536279659,1.140094501974194,0.1,1.206,0.08965864079883307,1.1998784578383612,0.19173183907023764
2.06,-0.4669034336155543,-0.36716167527749943,0.9626874739514487,1.1798883449199327,0.1,1.206,0.09123676925115833,1.2005794724350314,0.19173183907023764
2.08,-0.4628484959255455,-0.3992623574497207,0.9630853671354268,1.2176488283720752,0.1,1.206,0.09263908041692702,1.2011712828541545,0.19173183907023764
2.1,-0.45919091592292427,-0.43217675097058517,0.9633828128154038,1.2523939384861018,0.1,1.206,0.09389458409885372,1.2016661787635452,0.19173183907023764
2.12,-0.45586647103301636,-0.4653727000849227,0.9636036953362488,1.283268343943135,0.1,1.206,0.09502820811991852,1.2020739046277056,0.19173183907023764
2.14,-0.4528163852905968,-0.49832817708353305,0.9637657076718943,1.3095402916569792,0.1,1.206,0.09606211624489881,1.2024022777885535,0.19173183907023764
2.16,-0.4499854519615511,-0.5305236662808539,0.963881880928082,1.3306018825530912,0.1,1.206,0.09701657114081705,1.2026575589309614,0.19173183907023764
2.18,-0.4473208505655245,-0.5614413263298413,0.9639616235151794,1.3459720498965009,0.1,1.206,0.09791048961601365,1.202844650207576,0.19173183907023764
2.2,-0.444771339466854,-0.5905709172272412,0.9640114379526878,1.3553009894257049,0.1,1.206,0.098761822552235,1.202967189199013,0.19173183907023764
2.22,-0.44228658676557664,-0.61742177758695,0.9640354079220881,1.3583746283062772,0.1,1.206,0.09958785298396423,1.2030275877271872,0.19173183907023764
2.24,-0.43981650135009825,-0.6415393800714406,0.964035503970412,1.355117864337026,0.1,1.206,0.10040546598428708,1.2030270453389982,0.19173183907023764
2.2600000000000002,-0.4373105059676318,-0.6625243351576907,0.9640117316639136,1.3455956993643827,0.1,1.206,0.101231413662222,1.2029655528858352,0.19173183907023764
2.2800000000000002,-0.4347167421140587,-0.6800513644421264,0.9639621319088374,1.3300119552683936,0.1,1.206,0.10208258050398601,1.2028418923765845,0.19173183907023764
2.3000000000000003,-0.43198120993157685,-0.6938858685924192,0.9638826334528021,1.3087058835640577,0.1,1.206,0.10297624838087571,1.2026536331019961,0.19173183907023764
2.3200000000000003,-0.4290468241633514,-0.7038962692386144,0.9637667478784313,1.2821475295558784,0.1,1.206,0.1039303664570839,1.2023971178484505,0.19173183907023764
2.3400000000000003,-0.4258523065713669,-0.7100611499040554,0.9636050833243636,1.2509330779171024,0.1,1.206,0.10496384930411548,1.202067423771364,0.19173183907023764
2.36,-0.4223307330521585,-0.7124711074092906,0.9633846285788711,1.2157815222281123,0.1,1.206,0.10609695688376443,1.2016582681066699,0.19173183907023764
2.38,-0.41840707549273976,-0.711325642673047,0.9630876870189599,1.1775340180023266,0.1,1.206,0.10735195802030817,1.2011618608296581,0.19173183907023764
2.4,-0.41399389251513136,-0.7069258236295188,0.9626902200724868,1.1371569562868915,0.1,1.206,0.10875432354851076,1.200568689861443,0.19173183907023764
2.42,-0.4089874079398809,-0.699665567790095,0.9621595409040299,1.0957468930132097,0.1,1.206,0.1103337020421113,1.1998667407643353,0.19173183907023764
2.44,-0.4032612132758764,-0.6900194943137063,0.9614508426588969,1.0545360957539383,0.1,1.206,0.11212552144373007,1.1990404550824525,0.19173183907023764
2.46,-0.39665712077176274,-0.678526166631838,0.960501901367064,1.0148941664941735,0.1,1.206,0.11417328431967864,1.1980695390347347,0.19173183907023764
2.48,-0.3889746339186133,-0.6657647044286947,0.9592253146550983,0.9783160853331514,0.1,1.206,0.11653099096640686,1.1969278001162007,0.19173183907023764
2.5,-0.3799623721364522,-0.6523211578027478,0.9574979711832361,0.9463811924082126,0.1,1.206,0.11926456200136144,1.1955825253209682,0.19173183907023764
2.52,-0.36931765178584164,-0.6387409379871232,0.9551485980432868,0.9206634724215351,0.1,1.206,0.12245035823029508,1.193995353802527,0.19173183907023764
2.54,-0.3567039612386866,-0.6254676089758257,0.951946920858932,0.9025773826225711,0.1,1.206,0.12616811137974945,1.192126029129329,0.19173183907023764
2.56,-0.34179902168034865,-0.6127793086633287,0.9476029353240771,0.8931638805051648,0.1,1.206,0.13048527968191742,1.1899405853797633,0.19173183907023764
2.58,-0.32438555383475,-0.6007508285163758,0.9417917559160326,0.8928608636774371,0.1,1.206,0.13543091649526126,1.187424967981192,0.19173183907023764
2.6,-0.3044870653867475,-0.5892805865556303,0.9342245571754826,0.9013454644600504,0.1,1.206,0.14096088152673777,1.184603145242614,0.19173183907023764
2.62,-0.2825226840565518,-0.5773020198446601,0.924777491822737,0.9136016362785775,0.09999999999999998,1.206,0.14692411369317998,1.181554662476887,0.19173183907023764
2.64,-0.25939712964100947,-0.5642260433710644,0.9136464182924042,0.9247382168488456,0.20000000000000018,1.1539999999999997,0.15305275828569173,1.1784197903090396,0.19173183907023764
2.66,-0.23910785973964724,-0.5507851395531641,0.9054900655267148,0.9341913242969453,0.2,1.154,0.15901654134103382,1.1753712649363808,0.19173183907023764
2.68,-0.2255598886359643,-0.5377093546825691,0.905359285726052,0.9417646113235483,0.2,1.154,0.16454764617725307,1.1725493686941613,0.19173183907023764
2.7,-0.21937204529577536,-0.5255311206098663,0.9138513349725426,0.9475816389348246,0.2,1.154,0.16949509109494887,1.170033671760451,0.19173183907023764
2.72,-0.22054439744379245,-0.5145352520742354,0.9308195682360834,0.9519311136367401,0.2,1.154,0.17381486234449336,1.1678481829463598,0.19173183907023764
2.74,-0.22859252695606724,-0.5047975507354866,0.9554406255907892,0.9551379108787107,0.2,1.154,0.17753619324574815,1.1659789063785206,0.19173183907023764
2.7600000000000002,-0.24273784210406293,-0.4962568122639754,0.9864181477344526,0.9574920764523772,0.2,1.154,0.18072677848743696,1.1643919539434602,0.19173183907023764
2.7800000000000002,-0.26208059643508863,-0.48878337830856683,1.0222139502561682,0.9592239310355564,0.2,1.154,0.18346663711104852,1.1630471627637748,0.19173183907023764
2.8000000000000003,-0.28572031932279796,-0.48222802436046375,1.0612337471330977,0.9605047643564844,0.2,1.154,0.1858324468045903,1.1619062703609377,0.19173183907023764
2.8200000000000003,-0.3128199091158709,-0.47644939123389346,1.1019442170912597,0.9614576529015708,0.2,1.154,0.18789043144142034,1.1609366454381944,0.19173183907023764
2.8400000000000003,-0.34262647084585707,-0.47132501599865717,1.1429310769257914,0.9621699031629484,0.2,1.154,0.18969481501093852,1.1601121281079927,0.19173183907023764
2.8600000000000003,-0.3744658222470727,-0.46675249374556277,1.182919040412102,0.9627035885550564,0.2,1.154,0.1912891682247007,1.1594123706947643,0.19173183907023764
2.8800000000000003,-0.40772459222886404,-0.46264610644259585,1.220772575393191,0.9631033365324352,0.2,1.154,0.19270878319787804,1.1588216496706056,0.19173183907023764
2.9,-0.44182914223762176,-0.4589323098448325,1.2554901031725503,0.9634016719773485,0.2,1.154,0.1939830226308806,1.1583276977481367,0.19173183907023764
2.92,-0.47622667566093635,-0.45554576019985854,1.2861984603573877,0.963622547585571,0.2,1.154,0.19513719666345225,1.1579207898598365,0.19173183907023764
2.94,-0.5103714375435137,-0.45242641446946696,1.3121504395385404,0.9637836536437966,0.2,1.154,0.19619388875548263,1.1575931254747946,0.19173183907023764
2.96,-0.543717521960974,-0.4495176263153866,1.3327258643476123,0.9638979465230462,0.2,1.154,0.19717382746888273,1.15733845847773,0.19173183907023764
2.98,-0.5757189623873479,-0.4467649305553322,1.347435393557646,0.9639746806683894,0.2,1.154,0.1980964515407641,1.1571518993428442,0.19173183907023764
3.0,-0.6058370578450561,-0.44411519695952184,1.355925658702984,0.9640201118190638,0.2,1.154,0.19898030075059286,1.1570298214325248,0.19173183907023764
3.02,-0.6335540858197161,-0.44151591580125177,1.3579841894238271,0.9640379630860852,0.2,1.154,0.19984332601491508,1.156969822408432,0.19173183907023764
3.04,-0.6583917025527941,-0.43891447685896745,1.3535427707337744,0.964029700643092,0.2,1.154,0.20070317220212516,1.156970710942336,0.19173183907023764
3.06,-0.6799316249897781,-0.4362573837173252,1.3426783435316536,0.9639946405659541,0.2,1.154,0.20157745666919472,1.157032503305224,0.19173183907023764
3.08,-0.6978358612780247,-0.4334893929517035,1.3256112124321981,0.9639298936175691,0.2,1.154,0.20248404843341813,1.1571564236604424,0.19173183907023764
3.1,-0.7118639539687678,-0.4305525799510611,1.3027010288571677,0.9638301442328226,0.2,1.154,0.20344134727943713,1.157344908066005,0.19173183907023764
3.12,-0.7218853928713178,-0.4273853078027927,1.2744416237899243,0.9636872489296963,0.2,1.154,0.20446856890069678,1.1576016183706266,0.19173183907023764
3.14,-0.7278863410915857,-0.4239210086391356,1.241456155936987,0.9634896228366969,0.2,1.154,0.20558606203941004,1.1579314814354822,0.19173183907023764
3.16,-0.7299708068590749,-0.4200865739841047,1.204494155914665,0.9632213536533941,0.2,1.154,0.20681571684487338,1.1583407835052106,0.19173183907023764
3.18,-0.7283568676584571,-0.415799655813405,1.1644320707633629,0.9628608980169224,0.2,1.154,0.2081816754637074,1.1588373176205644,0.19173183907023764
3.2,-0.7233689418970481,-0.4109639746011828,1.1222785618331166,0.9623790756381948,0.2,1.154,0.20971160423091165,1.1594305984739042,0.19173183907023764
3.22,-0.7154289836164544,-0.4054648154533713,1.0791825458836857,0.9617362654516274,0.2,1.154,0.21143779497185847,1.1601326427675254,0.19173183907023764
3.24,-0.7050446029621348,-0.3991618774160568,1.0364426732431342,0.9608781820787324,0.2,1.154,0.21339894826682923,1.1609590109195929,0.19173183907023764
3.2600000000000002,-0.6927926304561463,-0.39187897478551753,0.9955129209348338,0.9597294371678119,0.2,1.154,0.21564269838417233,1.1619299984114593,0.19173183907023764
3.2800000000000002,-0.6792952658047849,-0.38339214336603133,0.9579926608487823,0.9581841050088991,0.2,1.154,0.21822826929051187,1.1630717992213684,0.19173183907023764
3.3000000000000003,-0.665183725286764,-0.37341979049595186,0.9255821246496042,0.9560929048475223,0.2,1.154,0.22122802789886592,1.16441712763173,0.19173183907023764
3.3200000000000003,-0.6510438153165836,-0.36162174134219843,0.8999787749443715,0.9532479895799257,0.2,1.154,0.2247258457920921,1.1660043455951035,0.19173183907023764
3.3400000000000003,-0.6373426971300495,-0.3476180416713666,0.8826951680800308,0.9493695587375004,0.2,1.154,0.2288093155606966,1.16787371050136,0.19173183907023764
3.3600000000000003,-0.6243502538978256,-0.3310418244363983,0.8748055846875951,0.9441045025689384,0.2,1.154,0.23355253699246845,1.1700591891024272,0.19173183907023764
3.3800000000000003,-0.6120903592596719,-0.3116401779116527,0.8766791746110867,0.9370557535536664,0.2,1.154,0.23898736943842033,1.1725748366903417,0.19173183907023764
3.4000000000000004,-0.6003717428142838,-0.28942634705328296,0.8878087722363531,0.9278673482988182,0.2,1.154,0.2450651621429212,1.1753966855793925,0.19173183907023764
3.4200000000000004,-0.5879942894136729,-0.264855190802727,0.9027695297044476,0.9163802900034792,0.19999999999999998,1.154,0.2516196528982999,1.1784451909967324,0.19173183907023764
3.4400000000000004,-0.5743150688414316,-0.2389285381282517,0.9163347169409115,0.9028215952558534,0.3100000000000007,1.2059999999999997,0.25835610657562413,1.1815800827851854,0.19173183907023764
3.4600000000000004,-0.5601123262325867,-0.21589480349842263,0.9278287653631716,0.8921254156617557,0.31,1.206,0.2649111255190323,1.184628625152774,0.19173183907023764
3.4800000000000004,-0.5461861038130628,-0.19993405719871396,0.9370241296560284,0.8897422691900332,0.31,1.206,0.2709900121645886,1.1874505361154069,0.19173183907023764
3.5000000000000004,-0.5331372261340146,-0.19179702234450144,0.9440795068422269,0.8965048916637458,0.31,1.206,0.2764265827551214,1.1899662457992382,0.19173183907023764
3.5200000000000005,-0.5213014905499309,-0.1915429511126476,0.9493507452872333,0.9123999920504832,0.31,1.206,0.28117231165488904,1.1921517456567152,0.19173183907023764
3.5400000000000005,-0.5107845854804751,-0.198680721904007,0.9532349154749229,0.9366257295341897,0.31,1.206,0.2852592362336336,1.1940210317895297,0.19173183907023764
3.5600000000000005,-0.5015378569092432,-0.21238107716347762,0.9560851846028722,0.967822255408599,0.31,1.206,0.2887616902344433,1.1956079925089518,0.19173183907023764
3.5800000000000005,-0.4934329821349903,-0.23167443237894458,0.9581814140811614,1.0043432442874172,0.31,1.206,0.2917675504522325,1.1969527908637358,0.19173183907023764
3.6000000000000005,-0.4863162843680804,-0.25559025220425635,0.9597314783826771,1.0444759188514339,0.31,1.206,0.2943610015691646,1.1980936894808456,0.19173183907023764
3.6200000000000006,-0.48003982006224694,-0.2832315122507925,0.9608846282616076,1.0865784960563825,0.31,1.206,0.2966147092220757,1.1990633197856218,0.19173183907023764
3.6400000000000006,-0.47447437893184646,-0.3137988224231481,0.9617466922365382,1.129146119571634,0.31,1.206,0.2985881156973834,1.1998878417770042,0.19173183907023764
3.6600000000000006,-0.46951144176440085,-0.3465839565268206,0.9623929015602041,1.1708309592502855,0.31,1.206,0.3003289170854981,1.2005876032270502,0.19173183907023764
3.6800000000000006,-0.46505995873998673,-0.38094907491208463,0.9628773531997916,1.2104397284698323,0.31,1.206,0.30187567073783483,1.2011783277472443,0.19173183907023764
3.7,-0.46104171814000966,-0.4163022998821494,0.9632394997880994,1.246923959479165,0.31,1.206,0.3032603739767371,1.2016722826973663,0.19173183907023764
3.72,-0.4573872021504998,-0.4520756949075806,0.9635084390559259,1.2793711403575085,0.31,1.206,0.30451052240928145,1.20207919320765,0.19173183907023764
3.74,-0.45403255554007954,-0.4877088230659432,0.963705724276109,1.3069999578473241,0.31,1.206,0.30565056117826783,1.2024068598633266,0.19173183907023764
3.7600000000000002,-0.450917609091767,-0.5226395126760487,0.9638472300333408,1.329160108499236,0.31,1.206,0.306702835551302,1.202661528826729,0.19173183907023764
3.7800000000000002,-0.44798463744541306,-0.5563025820787206,0.9639444199417876,1.3453357006904798,0.31,1.206,0.30768820283889387,1.2028480896644103,0.19173183907023764
3.8000000000000003,-0.4451775110070319,-0.5881365491911625,0.9640052212419937,1.3551506089635115,0.31,1.206,0.3086264513210208,1.202970169049282,0.19173183907023764
3.8200000000000003,-0.4424409867336234,-0.6175975159860007,0.9640346193579543,1.3583739656061766,0.31,1.206,0.30953662900228707,1.203030169350259,0.19173183907023764
3.8400000000000003,-0.4397199889954198,-0.6441784840442695,0.9640350316024523,1.3549241664702398,0.31,1.206,0.31043734123865635,1.203029281922052,0.19173183907023764
3.8600000000000003,-0.4369588182406459,-0.6674315343366276,0.9640064892194443,1.3448702691714285,0.31,1.206,0.31134704288657156,1.2029674905166101,0.19173183907023764
3.8800000000000003,-0.4341002770945326,-0.6869898693276908,0.9639466397717162,1.3284303830748376,0.31,1.206,0.3122843307435268,1.2028435709904517,0.19173183907023764
3.9000000000000004,-0.4310847177036967,-0.7025868592711533,0.9638505700440355,1.3059674480158445,0.31,1.206,0.3132682355466061,1.2026550873027673,0.19173183907023764
3.9200000000000004,-0.42784898928810483,-0.7140699528594059,0.963710437812025,1.27798350340185,0.31,1.206,0.3143185192956717,1.2023983776197429,0.19173183907023764
3.9400000000000004,-0.4243251974887749,-0.721408395507789,0.9635148837081323,1.2451140203031703,0.31,1.206,0.315456003547225,1.2020685150931085,0.19173183907023764
3.9600000000000004,-0.42043907358016164,-0.7246948203047421,0.9632481645461117,1.2081240295230091,0.31,1.206,0.31670298771463573,1.2016592134894013,0.19173183907023764
3.9800000000000004,-0.41610728724082313,-0.7241413955325589,0.962888867835309,1.167907786143909,0.31,1.206,0.31808395851473026,1.2011626797775483,0.19173183907023764
4.0,-0.41123283391929566,-0.7200716814585,0.9624079312461883,1.1254933288043656,0.31,1.206,0.3196268396523539,1.2005693992735713,0.19173183907023764
4.0200000000000005,-0.4057004209983555,-0.7129110976423501,0.9617658467556326,1.082050235319996,0.31,1.206,0.3213641306805993,1.1998673552824335,0.19173183907023764
4.04,-0.39936922774515393,-0.7031743234390893,0.9609084395431593,1.0388991724151662,0.31,1.206,0.32333472015810777,1.1990409873922567,0.19173183907023764
4.0600000000000005,-0.39206258067148,-0.6914482696307369,0.9597604329060861,0.9975178345120989,0.31,1.206,0.32558641962709184,1.198070000127132,0.19173183907023764
4.08,-0.3835560642529551,-0.6783677336420646,0.9582160186333704,0.9595314659771892,0.31,1.206,0.3281786187416233,1.1969281995135304,0.19173183907023764
4.1000000000000005,-0.37356768479600716,-0.6645784912686012,0.9561260447967111,0.9266684855628563,0.31,1.206,0.3311838345949049,1.1955828712731238,0.19173183907023764
4.12,-0.36175692911276564,-0.6506819384328568,0.9532828099525414,0.9006560334709904,0.31,1.206,0.3346860699724072,1.1939956534568887,0.19173183907023764
4.140000000000001,-0.347743574237022,-0.6371601730100608,0.9494066807851398,0.8830352314386996,0.31,1.206,0.33877302787993624,1.192126288678015,0.19173183907023764
4.16,-0.33116055521328996,-0.6242947883848247,0.9441447386466468,0.8749031363705733,0.31,1.206,0.34351889755318077,1.1899408101872255,0.19173183907023764
4.180000000000001,-0.3117548296493702,-0.6121151820391779,0.9371001289458532,0.8766401747821593,0.31,1.206,0.34895560774451456,1.1874251626947787,0.19173183907023764
4.2,-0.28953957150913767,-0.6004273092723468,0.9279171126308738,0.8877347412318857,0.31,1.206,0.3550345584812576,1.1846033138883738,0.19173183907023764
4.22,-0.26496961737348196,-0.588053326700141,0.916436906650894,0.9027047775216742,0.30999999999999994,1.206,0.3615895211915562,1.1815548085425787,0.19173183907023764
4.24,-0.23904681068027986,-0.5743787655679493,0.902886702708766,0.9162776666165975,0.4200000000000006,1.1539999999999997,0.3683257784613868,1.1784199168160598,0.19173183907023764
4.26,-0.21595118426390747,-0.5601819313218552,0.8921592130981018,0.9277779823274965,0.42,1.154,0.3748799352708596,1.1753713745020848,0.19173183907023764
4.28,-0.19978970405236346,-0.5462629833656005,0.8896506064807598,0.9369783342626635,0.42,1.154,0.3809572820300383,1.1725494635858618,0.19173183907023764
4.3,-0.19131056172795927,-0.5332229267065786,0.8961856923478967,0.9440376031036113,0.42,1.154,0.38639160829586555,1.1700337539422043,0.19173183907023764
4.32,-0.19057664847186467,-0.5213977908081365,0.91175892736574,0.9493118309512913,0.42,1.154,0.39113434670077646,1.1678482541195023,0.19173183907023764
4.34,-0.19710531611300378,-0.5108935392140379,0.9355888383573497,0.9531982751999516,0.42,1.154,0.39521747708580834,1.165978968016789,0.19173183907023764
4.36,-0.2100783679253644,-0.5016618337799003,0.9663431156217347,0.9560502739730937,0.42,1.154,0.3987152587631946,1.1643920073234217,0.19173183907023764
4.38,-0.22853791181678454,-0.4935747111106273,1.0024050962171296,0.9581478402369419,0.42,1.154,0.40171547573061833,1.1630472089911899,0.19173183907023764
4.4,-0.25152473910562156,-0.486478903142491,1.0420906757413375,0.9596989806672959,0.42,1.154,0.40430219966417535,1.1619063103936003,0.19173183907023764
4.42,-0.278152749642782,-0.48022693285251616,1.0837845818276892,0.9608530609922122,0.42,1.154,0.40654796073228827,1.1609366801057195,0.19173183907023764
4.44,-0.307633667128723,-0.47469012474644023,1.1260063210100855,0.961716011209481,0.42,1.154,0.408512040579938,1.1601121581289606,0.19173183907023764
4.46,-0.3392714396183154,-0.46976057525470327,1.1674307076206139,0.9623631557295383,0.42,1.154,0.41024194625460225,1.1594123966915717,0.19173183907023764
4.48,-0.37244236233126377,-0.46534794591499995,1.2068857299723847,0.9628486828683674,0.42,1.154,0.41177601383939266,1.158821672182332,0.19173183907023764
4.5,-0.4065714175549533,-0.46137484949238344,1.2433428669405941,0.9632121425831724,0.42,1.154,0.4131459826463743,1.1583277172416906,0.19173183907023764
4.5200000000000005,-0.44111075526313753,-0.45777272613014736,1.2759079059170089,0.9634827449977429,0.42,1.154,0.4143790482028915,1.157920806739612,0.19173183907023764
4.54,-0.47552337264728806,-0.45447883584405113,1.303815553018656,0.9636821814875731,0.42,1.154,0.4154993072288401,1.1575931400910369,0.19173183907023764
4.5600000000000005,-0.509273517431222,-0.4514343099099864,1.3264284041053358,0.9638265031631434,0.42,1.154,0.4165287008654293,1.1573384711337802,0.19173183907023764
4.58,-0.5418245065034427,-0.44858294155695894,1.3432394440919009,0.9639274042366133,0.42,1.154,0.41748761802569545,1.1571519103014178,0.19173183907023764
4.6000000000000005,-0.5726440060922675,-0.44587037635643867,1.3538765997919135,0.9639931164406733,0.42,1.154,0.4183953044838336,1.157029830921149,0.19173183907023764
4.62,-0.6012160933238848,-0.4432434476973827,1.3581076850908294,0.964029029220345,0.42,1.154,0.4192701805665646,1.1569698306241556,0.19173183907023764
4.640000000000001,-0.6270585918278474,-0.4406495088705599,1.3558442231463574,0.9640380969607354,0.42,1.154,0.4201301266758015,1.1569707180558098,0.19173183907023764
4.66,-0.6497434147253861,-0.4380356995921406,1.3471430516527951,0.9640210649969698,0.42,1.154,0.4209927626133201,1.1570325094642346,0.19173183907023764
4.680000000000001,-0.6689172008305111,-0.4353481368755001,1.3322052405946423,0.9639765295448721,0.42,1.154,0.4218757268105431,1.1571564289929746,0.19173183907023764
4.7,-0.6843195787136321,-0.43253103553327155,1.3113725570316823,0.9639008356352732,0.42,1.154,0.4227969547650568,1.1573449126828925,0.19173183907023764
4.720000000000001,-0.6957969607096942,-0.4295257419199979,1.2851223502360503,0.963787806602291,0.42,1.154,0.4237749615957038,1.1576016223678498,0.19173183907023764
4.74,-0.7033106934214588,-0.4262696035225527,1.2540621712778688,0.963628283986826,0.42,1.154,0.4248291517143968,1.1579314848961566,0.19173183907023764
4.76,-0.7069393938123878,-0.422694494168625,1.2189256025428743,0.963409431608255,0.42,1.154,0.42598020910073037,1.158340786501311,0.19173183907023764
4.78,-0.7068758299022089,-0.41872433593619157,1.1805707954375082,0.963113685299329,0.42,1.154,0.4272507697666112,1.1588373202144162,0.19173183907023764
4.8,-0.7034191973784605,-0.4142707722435298,1.139982882720311,0.9627171091679081,0.42,1.154,0.42866662266895794,1.159430600719477,0.19173183907023764
4.82,-0.696965825205418,-0.40922922964944625,1.0982785432023916,0.9621870969593745,0.42,1.154,0.4302576921044595,1.1601326447115525,0.19173183907023764
4.84,-0.6879963736143225,-0.4034726060529447,1.0567114556758255,0.9614789069676417,0.42,1.154,0.4320596450560206,1.1609590126025404,0.19173183907023764
4.86,-0.6770584450200618,-0.3968421112525074,1.0166740638090075,0.9605303702758505,0.42,1.154,0.43411619135784113,1.161929999868367,0.19173183907023764
4.88,-0.664742606560218,-0.38913672589357784,0.9796858482077828,0.9592541323408718,0.42,1.154,0.43648151103193983,1.1630718004825762,0.19173183907023764
4.9,-0.6516481112022674,-0.38010461498574416,0.9473522798539962,0.9575271221970154,0.42,1.154,0.4392216805341332,1.164417128723508,0.19173183907023764
4.92,-0.6383343767201661,-0.36944269786478384,0.921274265274031,0.955178096296865,0.42,1.154,0.44241319578730276,1.1660043465401977,0.19173183907023764
4.94,-0.6252582450713625,-0.3568141124184484,0.902891711729183,0.9519767920981885,0.42,1.154,0.446135905660423,1.1678737113194644,0.19173183907023764
4.96,-0.6127081898155592,-0.3418962657731553,0.893265650576416,0.9476331913600409,0.42,1.154,0.4504573699378979,1.1700591898105939,0.19173183907023764
4.98,-0.6007638883864095,-0.32447159261320563,0.8928439271334185,0.9418223612193792,0.42,1.154,0.4554067300105955,1.1725748373033347,0.19173183907023764
5.0,-0.5893213587692484,-0.3045633372036793,0.9012998672797091,0.9342553920183013,0.42,1.154,0.460939921895373,1.175396686109994,0.19173183907023764
5.02,-0.5773396344611009,-0.2825903854649531,0.9135664530289478,0.9248083211003357,0.42,1.154,0.46690595065606066,1.1784451914560092,0.19173183907023764
5.04,-0.5642605924808993,-0.25945724192572006,0.9247114772290336,0.9136768818531786,0.52,1.2059999999999997,0.47303701892065714,1.1815800831827188,0.19173183907023764
5.06,-0.5508166653097152,-0.239161107223129,0.9341712389437763,0.9055194394615487,0.52,1.206,0.4790029024257588,1.184628625496859,0.19173183907023764
5.08,-0.5377379067025668,-0.22560681755788956,0.9417496389939759,0.9053866770709132,0.52,1.206,0.4845358275691439,1.1874505364132246,0.19173183907023764
5.1,-0.5255567907995092,-0.2194131719321415,0.9475705224551789,0.9138760973171456,0.52,1.206,0.489484849992576,1.1899662460570055,0.19173183907023764
5.12,-0.5145581817714251,-0.22058024174483193,0.9519228708251207,0.9308413404145488,0.52,1.206,0.49380598831314965,1.1921517458798145,0.19173183907023764
5.14,-0.5048179213193412,-0.22862361986439322,0.9551317974635978,0.9554593114800093,0.52,1.206,0.49752850390536557,1.1940210319826203,0.19173183907023764
5.16,-0.49627482992723304,-0.24276471440535374,0.9574875391687844,0.9864338562036432,0.52,1.206,0.5007201157746692,1.1956079926760672,0.19173183907023764
5.18,-0.4887992593757814,-0.26210376045420103,0.9592205625797877,1.0222269221778761,0.52,1.206,0.5034608640390847,1.196952791008368,0.19173183907023764
5.2,-0.48224198383981065,-0.28574025236303624,0.9605022655914842,1.0612442902002956,0.52,1.206,0.5058274446544533,1.1980936896060173,0.19173183907023764
5.22,-0.4764616350782693,-0.31283704282520275,0.9614558035704491,1.1019526579334071,0.52,1.206,0.5078860973273226,1.1990633198939495,0.19173183907023764
5.24,-0.47133573653583827,-0.34264118689695544,0.9621685402601378,1.1429377310958282,0.52,1.206,0.5096910597699125,1.1998878418707533,0.19173183907023764
5.26,-0.4667618674432347,-0.3744784528686891,0.9627025907618428,1.1829241964862658,0.52,1.206,0.5112859145873434,1.2005876033081808,0.19173183907023764
5.28,-0.4626542932300873,-0.4077354237542522,0.9631026131164258,1.2207764885524042,0.52,1.206,0.512705964202788,1.2011783278174542,0.19173183907023764
5.3,-0.4589394533916381,-0.4418384201569492,0.9634011548475483,1.2554929943988193,0.52,1.206,0.5139805802503455,1.2016722827581243,0.19173183907023764
5.32,-0.455551988736658,-0.47623461014689183,0.9636221855423662,1.2862005185465244,0.52,1.206,0.5151350806122581,1.202079193260228,0.19173183907023764
5.34,-0.45243184188594754,-0.5103782088290126,0.9637834081597253,1.312151824849494,0.52,1.206,0.5161920554584604,1.2024068599088247,0.19173183907023764
5.36,-0.44952235337318835,-0.5437232852310565,0.9638977886078423,1.3327267118381065,0.52,1.206,0.5171722391660504,1.2026615288661,0.19173183907023764
5.38,-0.44676904612128426,-0.5757238520234472,0.9639745885184035,1.3474358166253584,0.52,1.206,0.5180950755117383,1.2028480896984788,0.19173183907023764
5.4,-0.4441187792050693,-0.6058411909657763,0.9640200690455764,1.3559257521334915,0.52,1.206,0.5189791086423822,1.2029701690787615,0.19173183907023764
5.42,-0.4415190333380755,-0.63355756512888,0.9640379573772018,1.3579840320052756,0.52,1.206,0.519842293259323,1.2030301693757672,0.19173183907023764
5.44,-0.43891718979504674,-0.6583946185521874,0.9640297227530912,1.3535424274792487,0.52,1.206,0.5207022775108234,1.2030292819441237,0.19173183907023764
5.46,-0.43625974462629447,-0.6799340576482953,0.9639946835526578,1.3426778675826332,0.52,1.206,0.5215766815961194,1.2029674905357077,0.19173183907023764
5.48,-0.4334914477537416,-0.6978378812713154,0.9639299522674982,1.3256106467192281,0.52,1.206,0.5224833769955161,1.202843571006976,0.19173183907023764
5.5,-0.43055436870703745,-0.7118656236112433,0.9638302146283342,1.302700407580215,0.52,1.206,0.5234407656279884,1.2026550873170645,0.19173183907023764
5.5200000000000005,-0.4273868654256912,-0.7218867668546394,0.9636873281234545,1.2744409737607438,0.52,1.206,0.5244680650364708,1.202398377632113,0.19173183907023764
5.54,-0.42392236552824786,-0.727887467122864,0.9634897086075739,1.2414554978064138,0.52,1.206,0.5255856255658148,1.2020685151038113,0.19173183907023764
5.56,-0.4200877565883539,-0.7299717262637656,0.9632214443246693,1.2044935052932761,0.52,1.206,0.5268153387540312,1.2016592134986612,0.19173183907023764
5.58,-0.4158006871310843,-0.7283576159845517,0.9628609923240636,1.1644314392369601,0.52,1.206,0.5281813479510696,1.2011626797855595,0.19173183907023764
5.6,-0.4109648746232877,-0.7233695495327934,0.9623791726371275,1.1222779578716855,0.52,1.206,0.5297113205346066,1.200569399280502,0.19173183907023764
5.62,-0.4054656015531538,-0.7154294764110405,0.9617363644513267,1.0791819756328884,0.52,1.206,0.5314375492334742,1.1998673552884294,0.19173183907023764
5.64,-0.39916256469191286,-0.7050450028337444,0.960878282595076,1.0364421411964186,0.52,1.206,0.5333987354107738,1.1990409873974437,0.19173183907023764
5.66,-0.39187957636260234,-0.6927929559648973,0.9597295388943534,0.9955124304780707,0.52,1.206,0.5356425140131333,1.1980700001316194,0.19173183907023764
5.68,-0.38339267065936117,-0.6792955326620616,0.9581842077963202,0.9579922146562158,0.52,1.206,0.5382281095948687,1.196928199517412,0.19173183907023764
5.7,-0.37342025343607155,-0.6651839467689874,0.9560930086812416,0.9255817248962871,0.52,1.206,0.5412278895781928,1.1955828712764816,0.19173183907023764
5.72,-0.36162214856372854,-0.6510440025545445,0.9532480945445142,0.8999784232980197,0.52,1.206,0.5447257259871401,1.1939956534597933,0.19173183907023764
5.74,-0.34761840066513583,-0.6373428592632683,0.949369664957763,0.8826948654651045,0.52,1.206,0.5488092117944555,1.1921262886805275,0.19173183907023764
5.76,-0.3310421416677221,-0.6243503981235495,0.9441046101216611,0.8748053308914895,0.52,1.206,0.5535524471190982,1.189940810189399,0.19173183907023764
5.78,-0.3116404589106165,-0.6120904908563092,0.9370558623518651,0.876678967901169,0.52,1.206,0.558987291599001,1.187425162696659,0.19173183907023764
5.8,-0.28942659648702795,-0.6003718652429223,0.9278674579622369,0.8878086091991009,0.52,1.206,0.565065094727112,1.1846033138900005,0.19173183907023764
5.819999999999999,-0.2648554125439828,-0.5879944038309207,0.9163803997457309,0.902769404267559,0.5199999999999999,1.206,0.5716195945111187,1.181554808543986,0.19173183907023764
5.84,-0.23892873533931577,-0.5743151750605269,0.9028217038423851,0.9163346218491746,0.6300000000000006,1.1539999999999997,0.5783560560086638,1.178419916817277,0.19173183907023764
5.859999999999999,-0.2158949784598039,-0.5601124239768862,0.8921255205522758,0.9278286940858522,0.63,1.154,0.5849110817255223,1.1753713745031376,0.19173183907023764
5.88,-0.19993421156864133,-0.5461861929107755,0.8897423671913915,0.9370240766126744,0.63,1.154,0.5909899742377873,1.1725494635867726,0.19173183907023764
5.8999999999999995,-0.19179715769337688,-0.5331373066284555,0.89650498041222,0.944079467510278,0.63,1.154,0.5964265499095954,1.1700337539429921,0.19173183907023764
5.92,-0.19154306905349602,-0.5213015627109389,0.9124000701882885,0.949350716150907,0.63,1.154,0.6011722832102939,1.1678482541201836,0.19173183907023764
5.9399999999999995,-0.19868082412665014,-0.5107846497593622,0.9366257966668248,0.9532348938799774,0.63,1.154,0.6052592116006618,1.165978968017378,0.19173183907023764
5.96,-0.21238116539513294,-0.5015379138759117,0.9678223119006929,0.9560851685817472,0.63,1.154,0.6087616689026499,1.164392007323931,0.19173183907023764
5.9799999999999995,-0.23167450831302414,-0.49343303241946196,1.0043432909971595,0.9581814021884506,0.63,1.154,0.6117675319794883,1.1630472089916304,0.19173183907023764
6.0,-0.2555903174333455,-0.48631632861529955,1.0444759568873458,0.9597314695585865,0.63,1.154,0.6143609855725184,1.161906310393981,0.19173183907023764
6.02,-0.2832315682218173,-0.48003985890125966,1.0865785265972883,0.9608846217268507,0.63,1.154,0.6166146953698384,1.160936680106049,0.19173183907023764
6.04,-0.3137988704171484,-0.4744744129570274,1.1291461437542323,0.9617466874150397,0.63,1.154,0.61858810370227,1.1601121581292455,0.19173183907023764
6.06,-0.34658399765782255,-0.46951147152550016,1.1708309781103852,0.9623928980236361,0.63,1.154,0.6203289066986873,1.159412396691818,0.19173183907023764
6.08,-0.3809491101379381,-0.4650599847380792,1.2104397429194547,0.9628773506280979,0.63,1.154,0.621875661743822,1.1588216721825448,0.19173183907023764
6.1,-0.4163023300213706,-0.46104174082711186,1.24692397030458,0.9632394979412868,0.63,1.154,0.623260366188876,1.1583277172418747,0.19173183907023764
6.12,-0.452075720658241,-0.45738722193132286,1.2793711482279408,0.963508437753674,0.63,1.154,0.6245105156659226,1.1579208067397713,0.19173183907023764
6.14,-0.48770884502420275,-0.45403257277493864,1.3069999633279838,0.9637057233828259,0.63,1.154,0.6256505553394124,1.1575931400911748,0.19173183907023764
6.16,-0.5226395313530895,-0.45091762410003317,1.3291601120651841,0.9638472294470694,0.63,1.154,0.6267028304957041,1.1573384711338994,0.19173183907023764
6.18,-0.5563025979154556,-0.447984650509158,1.3453357027395676,0.9639444195858968,0.63,1.154,0.6276881984615499,1.1571519103015209,0.19173183907023764
6.2,-0.5881365625705375,-0.44517752237464836,1.3551506098277217,0.9640052210589207,0.63,1.154,0.6286264475309951,1.1570298309212381,0.19173183907023764
6.22,-0.6175975272428905,-0.44244099662330477,1.3583739655612392,0.9640346193044823,0.63,1.154,0.6295366257208284,1.1569698306242324,0.19173183907023764
6.24,-0.644178493473176,-0.43971999759842967,1.3549241657437088,0.9640350316461476,0.63,1.154,0.6304373383975661,1.156970718055876,0.19173183907023764
6.26,-0.6674315421974577,-0.43695882572434064,1.3448702679495077,0.964006489335968,0.63,1.154,0.6313470404267909,1.157032509464292,0.19173183907023764
6.28,-0.6869898758500237,-0.4341002836051258,1.3284303815082619,0.9639466399428024,0.63,1.154,0.6322843286139124,1.1571564289930236,0.19173183907023764
6.3,-0.7025868646573925,-0.43108472336876213,1.3059674462250621,0.9638505702559674,0.63,1.154,0.6332682337028697,1.1573449126829352,0.19173183907023764
6.32,-0.71406995728723,-0.42784899421882394,1.2779835014816774,0.9637104380544911,0.63,1.154,0.6343185176994621,1.1576016223678867,0.19173183907023764
6.34,-0.7214083991322239,-0.4243252017819489,1.2451140183270302,0.9635148839733694,0.63,1.154,0.6354560021653327,1.1579314848961884,0.19173183907023764
6.359999999999999,-0.7246948232600956,-0.4204390773199999,1.20812402754678,0.9632481648282656,0.63,1.154,0.636702986518304,1.1583407865013384,0.19173183907023764
6.38,-0.7241413751309836,-0.41610725955185385,1.1679078025761427,0.9628888653323784,0.63,1.154,0.6380839673120415,1.1588373202144402,0.19173183907023764
6.3999999999999995,-0.7200715114762302,-0.41123258568894866,1.125493491360182,0.9624079047161012,0.63,1.154,0.6396269179291859,1.1594306007194979,0.19173183907023764
6.42,-0.712910558231363,-0.405699571528274,1.0820508399670916,0.9617657404267184,0.63,1.154,0.6413643963220098,1.1601326447115707,0.19173183907023764
6.4399999999999995,-0.70317315785843,-0.39936724700801796,1.0389006836448926,0.9609081511529436,0.63,1.154,0.6433353337962333,1.1609590126025564,0.19173183907023764
6.46,-0.691446228987329,-0.3920588454749295,0.9975208467271114,0.9597598033820136,0.63,1.154,0.6455875646834948,1.1619299998683807,0.19173183907023764
6.4799999999999995,-0.6783645891250057,-0.38354989875467793,0.9595366421978744,0.9582148197353533,0.63,1.154,0.6481804864334774,1.163071800482588,0.19173183907023764
6.5,-0.6645740122887713,-0.3735583762959253,0.9266764804603711,0.9561239608275401,0.63,1.154,0.6511866163887484,1.1644171287235183,0.19173183907023764
6.52,-0.650675842511047,-0.36174372063000165,0.9006674016458083,0.9532794100798204,0.63,1.154,0.6546899565628905,1.1660043465402066,0.19173183907023764
6.54,-0.6371520569480534,-0.3477256394603228,0.8830503243345108,0.9494013797484354,0.63,1.154,0.6587782126284245,1.1678737113194724,0.19173183907023764
6.56,-0.624284054673667,-0.33113696227599354,0.8749220026946615,0.9441367462102375,0.63,1.154,0.6635255824073525,1.170059189810601,0.19173183907023764
6.58,-0.6121009786987007,-0.3117245002179665,0.8766624922017386,0.9370883931864131,0.63,1.154,0.6689640102350972,1.1725748373033409,0.19173183907023764
6.6,-0.6004085001927361,-0.28950124213140555,0.8877598080454587,0.9279002694387394,0.63,1.154,0.6750449190251807,1.1753966861099994,0.19173183907023764
6.619999999999999,-0.5880286628731327,-0.26492181081263716,0.9027318359018401,0.9164132561399124,0.63,1.154,0.6816021104290492,1.178445191456014,0.19173183907023764
6.64,-0.5743469990432656,-0.23898782375877775,0.9163061250853555,0.9028542348775713,0.7400000000000004,1.2059999999999997,0.6883409046725295,1.1815800831827228,0.19173183907023764
6.659999999999999,-0.5601417267980702,-0.2159474319194416,0.9278073212843314,0.8921569639561695,0.74,1.206,0.6948979520823702,1.1846286254968623,0.19173183907023764
6.68,-0.5462129198443076,-0.19998051952577228,0.9370081618691338,0.8897717635685166,0.74,1.206,0.7009785966866675,1.1874505364132273,0.19173183907023764
6.699999999999999,-0.5331614674720978,-0.19183778413257568,0.944067659584065,0.8965316176500272,0.74,1.206,0.706416690780581,1.1899662460570077,0.19173183907023764
6.72,-0.521323235353032,-0.19157849159835194,0.9493419638317487,0.9124235370458641,0.74,1.206,0.711163739978557,1.1921517458798163,0.19173183907023764
6.739999999999999,-0.510803966790682,-0.19871154434141083,0.9532284030355133,0.9366459706724999,0.74,1.206,0.7152518087377213,1.1940210319826219,0.19173183907023764
6.76,-0.5015550438034009,-0.21240769699377612,0.9560803501768496,0.9678392986533175,0.74,1.206,0.718755254279961,1.1956079926760688,0.19173183907023764
6.779999999999999,-0.49344816215370857,-0.23169735576720474,0.9581778232616465,1.004357344808779,0.74,1.206,0.7217619737508526,1.1969527910083697,0.19173183907023764
6.8,-0.48632964990367555,-0.25560995577139745,0.9597288124818881,1.044487407910218,0.74,1.206,0.7243561694715953,1.198093689606019,0.19173183907023764
6.819999999999999,-0.48005155905250496,-0.2832484294536679,0.960882652814651,1.0865877267728385,0.74,1.206,0.7266105223675178,1.199063319893951,0.19173183907023764
6.84,-0.4744846691700675,-0.31381333733143413,0.9617452338232285,1.1291534329717177,0.74,1.206,0.7285844879760193,1.1998878418707546,0.19173183907023764
6.859999999999999,-0.4695204478626846,-0.34659640336500114,0.9623918311650228,1.1708366664537062,0.74,1.206,0.7303257738723556,1.200587603308182,0.19173183907023764
6.88,-0.46506783086983905,-0.380959741217471,0.9628765743637973,1.2104441036799014,0.74,1.206,0.7318729473619054,1.201178327817455,0.19173183907023764
6.8999999999999995,-0.4610485918813856,-0.416311431498231,0.9632389401391268,1.2469272393001571,0.74,1.206,0.7332580143940327,1.201672282758125,0.19173183907023764
6.92,-0.45739319898837244,-0.45208350160779587,0.963508044184225,1.279373526340442,0.74,1.206,0.7345084780526797,1.2020791932602284,0.19173183907023764
6.9399999999999995,-0.45403778371199527,-0.4877154840902291,0.9637054532435188,1.3070016203590649,0.74,1.206,0.7356487899606062,1.2024068599088251,0.19173183907023764
6.96,-0.45092216460429896,-0.5226451817947321,0.9638470520382839,1.329161190853407,0.74,1.206,0.7367013010013141,1.2026615288661004,0.19173183907023764
6.9799999999999995,-0.44798860515098216,-0.5563073920003371,0.963944311819687,1.3453363230131252,0.74,1.206,0.7376868733522957,1.2028480896984792,0.19173183907023764
7.0,-0.44518096567749843,-0.5881406152483019,0.964005165581841,1.3551508715822143,0.74,1.206,0.7386252995114102,1.202970169078762,0.19173183907023764
7.02,-0.4424439940938515,-0.6176009391042379,0.964034603080137,1.3583739519264917,0.74,1.206,0.7395356311385628,1.2030301693757677,0.19173183907023764
7.04,-0.4397226066960299,-0.6441813530477235,0.9640350448848093,1.3549239453917816,0.74,1.206,0.7404364767574289,1.203029281944124,0.19173183907023764
7.06,-0.4369610967589807,-0.667433927679867,0.9640065246870241,1.3448698971311237,0.74,1.206,0.7413462939695769,1.202967490535708,0.19173183907023764
7.08,-0.4341022605591153,-0.6869918563688034,0.9639466918861616,1.3284299058077111,0.74,1.206,0.7422836819513808,1.2028435710069763,0.19173183907023764
7.1,-0.43108644464158913,-0.702588501211627,0.9638506346438772,1.305966902108433,0.74,1.206,0.7432676735013942,1.2026550873170647,0.19173183907023764
7.12,-0.42785049329735336,-0.7140713034711682,0.9637105117670224,1.2779829176905535,0.74,1.206,0.7443180324058645,1.2023983776321132,0.19173183907023764
7.14,-0.4243265078399877,-0.7214095017479095,0.9635149646600584,1.245113417147452,0.74,1.206,0.74545558176928,1.2020685151038115,0.19173183907023764
7.159999999999999,-0.4204402157524141,-0.7246957228896005,0.9632482507155692,1.2081234259661038,0.74,1.206,0.7467026223463947,1.2016592134986614,0.19173183907023764
7.18,-0.41610825244953614,-0.7241421067099315,0.9628889550832297,1.1679072133312907,0.74,1.206,0.7480836518493585,1.2011626797855597,0.19173183907023764
7.199999999999999,-0.41123345226103974,-0.7200721048840646,0.9624079973317338,1.1254929238766846,0.74,1.206,0.7496266446646523,1.200569399280502,0.19173183907023764
7.22,-0.40570032847375914,-0.7129110388895411,0.9617658351743622,1.0820503011785405,0.74,1.206,0.7513641596143766,1.1998673552884291,0.19173183907023764
7.239999999999999,-0.39936790884326434,-0.7031735473211951,0.9609082475158378,1.0389001786909338,0.74,1.206,0.7533351287579465,1.1990409873974435,0.19173183907023764
7.26,-0.3920594248221375,-0.6914465455022454,0.9597599010270979,0.9975203795222534,0.74,1.206,0.7555873870800587,1.1980700001316191,0.19173183907023764
7.279999999999999,-0.38355040659374023,-0.6783648481342108,0.9582149184903563,0.9595362158505415,0.74,1.206,0.7581803325962475,1.196928199517412,0.19173183907023764
7.3,-0.37355882218060626,-0.6645742268383927,0.9561240606570673,0.9266760975080524,0.74,1.206,0.7611864831393628,1.1955828712764816,0.19173183907023764
7.319999999999999,-0.3617441128686487,-0.6506760235390515,0.9532795110493192,0.9006670640691667,0.74,1.206,0.7646898411477868,1.1939956534597933,0.19173183907023764
7.34,-0.34772598526171705,-0.6371522134387231,0.9494014819661174,0.8830500333420139,0.74,1.206,0.7687781126620981,1.1921262886805275,0.19173183907023764
7.359999999999999,-0.3311372678627546,-0.6242841937066481,0.9441368497410678,0.8749217583452316,0.74,1.206,0.773525495823189,1.189940810189399,0.19173183907023764
7.38,-0.31172477091311,-0.6121011054709835,0.9370884979398462,0.8766622930320759,0.74,1.206,0.7789639352427699,1.187425162696659,0.19173183907023764
7.3999999999999995,-0.28950148242766155,-0.6004086181165309,0.9279003750433854,0.8877596509127573,0.74,1.206,0.7850448540737351,1.1846033138900005,0.19173183907023764
7.419999999999999,-0.26492202443822266,-0.5880287730892719,0.9164133618343634,0.9027317150076106,0.7400000000000001,1.206,0.7916020541749181,1.181554808543986,0.19173183907023764
7.4399999999999995,-0.23898801375810874,-0.5743471013690451,0.9028543394695564,0.916306033436533,0.8500000000000008,1.1539999999999997,0.7983408559518185,1.178419916817277,0.19173183907023764
7.459999999999999,-0.21594760048792933,-0.5601418209648554,0.8921570649961337,0.9278072525866873,0.85,1.154,0.8048979098868443,1.1753713745031376,0.19173183907023764
7.4799999999999995,-0.19998066825966176,-0.5462130056849785,0.8897718579782817,0.9370081107445624,0.85,1.154,0.8109785601429468,1.1725494635867726,0.19173183907023764
7.499999999999999,-0.1918379145437111,-0.5331615450271534,0.8965317031506521,0.944067621674082,0.85,1.154,0.8164166591321133,1.1700337539429921,0.19173183907023764
7.52,-0.19157860523981482,-0.5213233048815019,0.9124236123277019,0.9493419357481323,0.85,1.154,0.8211637125700005,1.1678482541201836,0.19173183907023764
7.539999999999999,-0.19871164284044085,-0.5108040287266579,0.9366460353541586,0.9532283822203012,0.85,1.154,0.825251785001413,1.165978968017378,0.19173183907023764
7.56,-0.21240778201380617,-0.5015550986954032,0.9678393530850172,0.9560803347338234,0.85,1.154,0.8287552337241929,1.164392007323931,0.19173183907023764
7.579999999999999,-0.2316974289392594,-0.4934482106083145,1.0043573898165117,0.9581778117977803,0.85,1.154,0.8317619559497151,1.1630472089916304,0.19173183907023764
7.6,-0.2556100186294946,-0.48632969254194397,1.0444874445613852,0.9597288039757724,0.85,1.154,0.8343561540561776,1.161906310393981,0.19173183907023764
7.619999999999999,-0.2832484833916059,-0.4800515964802593,1.0865877562027735,0.9608826465152066,0.85,1.154,0.8366105090182843,1.160936680106049,0.19173183907023764
7.64,-0.3138133835832695,-0.474484701959789,1.1291534562753145,0.9617452291752193,0.85,1.154,0.8385844764162057,1.1601121581292455,0.19173183907023764
7.659999999999999,-0.34659644300394865,-0.46952047654391055,1.1708366846287706,0.9623918277556063,0.85,1.154,0.8403257638622471,1.159412396691818,0.19173183907023764
7.68,-0.38095977516631474,-0.4650678559252474,1.2104441176050467,0.9628765718844822,0.85,1.154,0.8418729386938799,1.1588216721825448,0.19173183907023764
7.699999999999999,-0.4163114605455494,-0.46104861374641815,1.2469272497328985,0.9632389383585863,0.85,1.154,0.8432580068882669,1.1583277172418749,0.19173183907023764
7.72,-0.452083526426143,-0.4573932180529176,1.2793735339255585,0.963508042928647,0.85,1.154,0.8445084715534297,1.1579208067397715,0.19173183907023764
7.739999999999999,-0.4877155052539901,-0.45403780032318364,1.3070016256411485,0.9637054523822015,0.85,1.154,0.8456487843329847,1.1575931400911748,0.19173183907023764
7.76,-0.5226451997964268,-0.4509221790698272,1.3291611942902055,0.9638470514729459,0.85,1.154,0.8467012961284994,1.1573384711338994,0.19173183907023764
7.779999999999999,-0.5563074072647957,-0.4479886177426198,1.3453363249880093,0.9639443114764579,0.85,1.154,0.8476868691331133,1.1571519103015206,0.19173183907023764
7.8,-0.5881406281445074,-0.44518097663457357,1.3551508724150942,0.9640051654052306,0.85,1.154,0.8486252958582389,1.157029830921238,0.19173183907023764
7.819999999999999,-0.6176009499548678,-0.4424440036266012,1.3583739518830826,0.9640346030284836,0.85,1.154,0.8495356279755196,1.1569698306242322,0.19173183907023764
7.84,-0.6441813621365592,-0.4397226149887488,1.3549239446913814,0.9640350449268452,0.85,1.154,0.8504364740187978,1.1569707180558757,0.19173183907023764
7.859999999999999,-0.6674339352573648,-0.43696110397293236,1.3448698959531886,0.9640065247992857,0.85,1.154,0.8513462915984475,1.1570325094642917,0.19173183907023764
7.88,-0.6869918626561996,-0.43410226683519426,1.3284299042975198,0.9639466920510391,0.85,1.154,0.8522836798984692,1.1571564289930234,0.19173183907023764
7.8999999999999995,-0.7025885064039774,-0.43108645010272956,1.305966900382078,0.9638506348481457,0.85,1.154,0.8532676717240215,1.157344912682935,0.19173183907023764
7.92,-0.7140713077397062,-0.4278504980506977,1.2779829158394291,0.9637105120007404,0.85,1.154,0.8543180308670723,1.1576016223678867,0.19173183907023764
7.9399999999999995,-0.7214095052420441,-0.42432651197882226,1.2451134152423324,0.963514964915741,0.85,1.154,0.8554555804370638,1.1579314848961886,0.19173183907023764
7.959999999999999,-0.7246957257387763,-0.4204402193578933,1.2081234240608556,0.9632482509875719,0.85,1.154,0.8567026211930409,1.1583407865013386,0.19173183907023764
7.9799999999999995,-0.7241422686486425,-0.41610847223260594,1.1679070828983105,0.9628889749495922,0.85,1.154,0.8580835820199858,1.1588373202144404,0.19173183907023764
7.999999999999999,-0.7200733102602662,-0.4112352125127121,1.1254917711479304,0.9624081854524004,0.85,1.154,0.8596260895864054,1.1594306007194979,0.19173183907023764
8.02,-0.7129148272792843,-0.40570629450147216,1.0820460545104442,0.9617665818826358,0.85,1.154,0.8613622939431707,1.1601326447115705,0.19173183907023764
8.04,-0.7031817163648132,-0.3993817911414105,1.0388895865779966,0.9609102684502584,0.85,1.154,0.8633308279400862,1.1609590126025562,0.19173183907023764
8.059999999999999,-0.691460837627329,-0.3920855858693349,0.9974992807053237,0.9597643092134577,0.85,1.154,0.8655793670531393,1.1619299998683805,0.19173183907023764
8.08,-0.6783868647948424,-0.38359357718520254,0.9594999681306182,0.9582233106692623,0.85,1.154,0.8681672547435385,1.1630718004825877,0.19173183907023764
8.1,-0.6646055814144739,-0.37362399082478864,0.9266201162580614,0.9561386451356447,0.85,1.154,0.8711670071115298,1.164417128723518,0.19173183907023764
8.12,-0.6507186920235941,-0.36183657769100525,0.9005874640725613,0.9533033012587244,0.85,1.154,0.8746626320099248,1.1660043465402063,0.19173183907023764
8.139999999999999,-0.6372090162041969,-0.3478515292797876,0.8829443502972044,0.9494385712674261,0.85,1.154,0.8787418168220075,1.1678737113194722,0.19173183907023764
8.16,-0.624359310686902,-0.33130241245161085,0.8747896459677916,0.944192764895037,0.85,1.154,0.8834786995928852,1.1700591898106008,0.19173183907023764
8.18,-0.6122004973660058,-0.3119370620051595,0.876506001281865,0.9371705955346267,0.85,1.154,0.8889051158602044,1.1725748373033407,0.19173183907023764
8.2,-0.6005402340285606,-0.2897697607787496,0.8875840842278276,0.9280181941276092,0.85,1.154,0.8949723285797486,1.1753966861099994,0.19173183907023764
8.219999999999999,-0.588201351372313,-0.26525662581705844,0.9025421683676623,0.9165787877762428,0.8500000000000001,1.154,0.9015139280527084,1.178445191456014,0.19173183907023764
8.239999999999998,-0.5745693712512182,-0.23940085334422137,0.9161066335283221,0.9030814225549465,0.9600000000000006,1.2059999999999997,0.9082349712103566,1.1815800831827228,0.19173183907023764
8.259999999999998,-0.5604231210402099,-0.21597387097283338,0.9276016182489368,0.8921728108231082,0.96,1.206,0.9147717911127254,1.1846286254968623,0.19173183907023764
8.279999999999998,-0.5465632715557553,-0.19864423176297774,0.9367989601291772,0.8889217940384004,0.96,1.206,0.9208293566000793,1.1874505364132275,0.19173183907023764
8.299999999999999,-0.5335915184719308,-0.18814192975412178,0.9438567400724229,0.8940954825419856,0.96,1.206,0.9262410809199547,1.189966246057008,0.19173183907023764
8.319999999999999,-0.5218448691239038,-0.1845467473899013,0.9491303462145052,0.9077192284229212,0.96,1.206,0.9309579589165852,1.1921517458798165,0.19173183907023764
8.339999999999998,-0.5114306019339102,-0.18742119846282843,0.9530165958823779,0.9291153910666654,0.96,1.206,0.935011462824455,1.194021031982622,0.19173183907023764
8.359999999999998,-0.5023020489877887,-0.19600816296087872,0.9558685991816692,0.9570983904751802,0.96,1.206,0.938475264575821,1.1956079926760688,0.19173183907023764
8.379999999999999,-0.49433328021049605,-0.20941550820276808,0.9579663133864909,0.9902123574797373,0.96,1.206,0.9414364693485259,1.1969527910083697,0.19173183907023764
8.399999999999999,-0.48737343516488457,-0.22674827113761614,0.9595178099154089,1.0269294835321305,0.96,1.206,0.943978365006537,1.1980936896060188,0.19173183907023764
8.419999999999998,-0.481277841932196,-0.2471821855027131,0.9606725933139229,1.0657786444830153,0.96,1.206,0.9461725772275084,1.1990633198939509,0.19173183907023764
8.439999999999998,-0.475921067046729,-0.26999109423903345,0.9615367752087033,1.105410763635264,0.96,1.206,0.9480773443457985,1.1998878418707544,0.19173183907023764
8.459999999999999,-0.471198943237635,-0.29454573003860746,0.9621858912475638,1.1446215831048914,0.96,1.206,0.9497389702802339,1.2005876033081817,0.19173183907023764
8.479999999999999,-0.46702543815600145,-0.3202985140314152,0.9626743742365835,1.182351758119399,0.96,1.206,0.951194403813255,1.201178327817455,0.19173183907023764
8.499999999999998,-0.46332813436680836,-0.34676398406500974,0.9630420694125958,1.2176780157417402,0.96,1.206,0.9524737844616572,1.2016722827581252,0.19173183907023764
8.519999999999998,-0.4600442184592411,-0.3735001535447535,0.9633185615898411,1.2498030336394392,0.96,1.206,0.9536024624379041,1.2020791932602286,0.19173183907023764
8.54,-0.4571176073684071,-0.4000933248713759,0.9635260344675078,1.2780474760515321,0.96,1.206,0.9546024050661077,1.2024068599088251,0.19173183907023764
8.559999999999999,-0.4544971572288497,-0.4261474090689033,0.9636811973452162,1.3018452002379028,0.96,1.206,0.9554930950522585,1.2026615288661004,0.19173183907023764
8.579999999999998,-0.4521356385105058,-0.45127812304550574,0.9637966291941342,1.3207414273416447,0.96,1.206,0.9562920817387122,1.202848089698479,0.19173183907023764
8.599999999999998,-0.4499891409880899,-0.4751120958976877,0.9638817507308464,1.3343931290529631,0.96,1.206,0.9570153305715818,1.2029701690787618,0.19173183907023764
8.62,-0.44801665599918383,-0.4972906290013682,0.963943545623576,1.3425706900808885,0.96,1.206,0.9576774738905272,1.2030301693757675,0.19173183907023764
8.639999999999999,-0.4461796877646406,-0.5174775034709754,0.9639871003901466,1.3451599091205395,0.96,1.206,0.9582920233773179,1.203029281944124,0.19173183907023764
8.659999999999998,-0.44444183021316724,-0.5353698287279138,0.9640160049776869,1.3421635356593378,0.96,1.206,0.9588715720440089,1.202967490535708,0.19173183907023764
8.679999999999998,-0.4427682984457517,-0.5507105735821951,0.9640326416237459,1.3337017763140013,0.96,1.206,0.9594279938601391,1.2028435710069763,0.19173183907023764
8.7,-0.4411254259357083,-0.5633012304390226,0.9640383815342795,1.3200115057886561,0.96,1.206,0.9599726405242671,1.2026550873170647,0.19173183907023764
8.719999999999999,-0.4394801349931609,-0.5730131075745516,0.9640337033435759,1.3014442285673407,0.96,1.206,0.9605165351566751,1.2023983776321132,0.19173183907023764
8.739999999999998,-0.43779936338944,-0.5797960208145518,0.9640182421105001,1.2784630906781227,0.96,1.206,0.9610705700189052,1.2020685151038115,0.19173183907023764
8.759999999999998,-0.436049387577402,-0.583683583288506,0.9639907712179063,1.2516393717202103,0.96,1.206,0.9616457284439952,1.2016592134986614,0.19173183907023764
8.779999999999998,-0.4341949276804589,-0.5847947423052602,0.9639491103510501,1.221648845259587,0.96,1.206,0.9622533680833911,1.2011626286540469,0.19173183907023764
8.799999999999999,-0.4321978639503381,-0.5833315580733189,0.9638899388640797,1.1892681443321456,0.96,1.206,0.962905618900921,1.2005689875787922,0.19173183907023764
8.819999999999999,-0.43001536643984223,-0.5795733739245768,0.9638084738019577,1.155370776566692,0.96,1.206,0.9636159556844959,1.1998659699171403,0.19173183907023764
8.839999999999998,-0.427597289241351,-0.573867470771476,0.9636979463311683,1.1209216654552479,0.96,1.206,0.9643999847701102,1.1990377929854048,0.19173183907023764
8.859999999999998,-0.42488288261304086,-0.5666160808744525,0.9635487859138514,1.086968026585414,0.96,1.206,0.9652764144312993,1.198064042813923,0.19173183907023764
8.879999999999999,-0.4217973206706285,-0.5582593871856673,0.9633474169731997,1.0546230731402617,0.96,1.206,0.9662680309997745,1.196918484901736,0.19173183907023764
8.899999999999999,-0.41824930251714926,-0.5492540826248393,0.9630746287011437,1.025037758764421,0.96,1.206,0.9674022599456337,1.1955684036822622,0.19173183907023764
8.919999999999998,-0.4141320520037271,-0.5400475608550412,0.9627036698579696,0.9993552169189842,0.96,1.206,0.9687105666064035,1.1939754412276065,0.19173183907023764
8.939999999999998,-0.4093312149675622,-0.5310492928387385,0.9621986602435705,0.9786440261348036,0.96,1.206,0.9702256275021865,1.1920993262903716,0.19173183907023764
8.959999999999999,-0.403743879328749,-0.5226036589138165,0.9615147089403262,0.9638114892245349,0.96,1.206,0.9719750778416674,1.1899060474779333,0.19173183907023764
8.979999999999999,-0.3973121108207781,-0.5149718123842558,0.9606022148445268,0.9555074547063956,0.96,1.206,0.9739710682880796,1.1873814684734414,0.19173183907023764
8.999999999999998,-0.3900701344410516,-0.5083314865628492,0.9594185128700389,0.9540406723953089,0.96,1.206,0.9761963603033229,1.1845494379604535,0.19173183907023764
9.019999999999998,-0.3821939761529473,-0.5019938458145802,0.957948392681284,0.9559563509153186,0.9599999999999997,1.206,0.9785908457331255,1.181489343555936,0.19173183907023764
9.039999999999997,-0.37402339256803263,-0.4953883128469317,0.9562277609452425,0.9577086864232163,0.9999999999999999,1.1539999999999997,0.9810476065092399,1.1783412596944138,0.19173183907023764
9.059999999999997,-0.3676084796056489,-0.48887130614155105,0.9575975640992066,0.9592052647178004,1.0,1.154,0.9834346710865304,1.175277686369304,0.19173183907023764
9.079999999999997,-0.36486217923081066,-0.4827509301838475,0.9653118590004212,0.960410506245539,1.0,1.154,0.9856449694787103,1.1724386267543538,0.19173183907023764
9.099999999999998,-0.36581335918646973,-0.477218157989452,0.9790928906002933,0.9613401551049797,1.0,1.154,0.9876180865904314,1.1699033244876489,0.19173183907023764
9.119999999999997,-0.37024287305999676,-0.47234741963343213,0.9983765170306037,0.9620375466292197,1.0,1.154,0.9893363156492889,1.1676954086128517,0.19173183907023764
9.139999999999997,-0.3777510086925292,-0.46812774976202404,1.022370816471946,0.9625529985852919,1.0,1.154,0.9908111682344508,1.165800443026835,0.19173183907023764
9.159999999999997,-0.3878335905505753,-0.46449949499550713,1.0501341778388469,0.9629321012523213,1.0,1.154,0.9920694565937862,1.1641840302900546,0.19173183907023764
9.179999999999998,-0.39994656621779806,-0.4613840169882562,1.0806518513738224,0.9632113829698352,1.0,1.154,0.9931428336609794,1.162805418986376,0.19173183907023764
9.199999999999998,-0.4135516151822565,-0.45870266769714735,1.1128983031992679,0.9634181804599404,1.0,1.154,0.994061519763841,1.1616256671357421,0.19173183907023764
9.219999999999997,-0.4281433355054227,-0.4563861980783408,1.145881489052584,0.9635722315274262,1.0,1.154,0.9948514486759608,1.1606113593781509,0.19173183907023764
9.239999999999997,-0.44326222250342073,-0.4543775736824087,1.1786708452462022,0.9636875957420133,1.0,1.154,0.9955336380869343,1.1597354314751676,0.19173183907023764
9.259999999999998,-0.45849832917895783,-0.45263116447376694,1.210413110054703,0.9637743090833137,1.0,1.154,0.996124714754669,1.1589764929112254,0.19173183907023764
9.279999999999998,-0.4734896824259254,-0.4511104995999953,1.2403401953614734,0.96383961950117,1.0,1.154,0.9966378481728709,1.1583176177198617,0.19173183907023764
9.299999999999997,-0.48791829349488197,-0.4497858836304003,1.2677724562117991,0.9638888423655757,1.0,1.154,0.9970836709080593,1.157745152028044,0.19173183907023764
9.319999999999997,-0.5015055067072275,-0.44863246198288753,1.292119641745317,0.963925931607636,1.0,1.154,0.9974710063661691,1.1572477714118363,0.19173183907023764
9.339999999999998,-0.5140076623895894,-0.4476288758553037,1.3128809096136573,0.9639538589757776,1.0,1.154,0.9978073719443559,1.1568158297916402,0.19173183907023764
9.359999999999998,-0.5252125902176286,-0.4467564238371861,1.3296446387406042,0.9639748709256823,1.0,1.154,0.9980992957083946,1.1564409503456574,0.19173183907023764
9.379999999999997,-0.5349372023194912,-0.4459985749112571,1.3420883568979916,0.9639906689230798,1.0,1.154,0.9983525050280171,1.1561157825325585,0.19173183907023764
9.399999999999997,-0.5430263208719079,-0.4453406863843948,1.3499788529147754,0.9640025409011923,1.0,1.154,0.998572039902975,1.155833856716717,0.19173183907023764
9.419999999999998,-0.5493527782990121,-0.444769820715968,1.3531724155450187,0.9640114599807817,1.0,1.154,0.9987623285482277,1.155589487596956,0.19173183907023764
9.439999999999998,-0.5538187305381888,-0.44427459847705364,1.3516150928743864,0.9640181598578805,1.0,1.154,0.9989272474595722,1.1553776975856553,0.19173183907023764
9.459999999999997,-0.5563580175958597,-0.4438450580905122,1.3453428700896792,0.9640231926920384,1.0,1.154,0.9990701765720421,1.1551941463721664,0.19173183907023764
9.479999999999997,-0.5569393042962129,-0.44347251381407454,1.3344816985669374,0.9640269734805877,1.0,1.154,0.9991940529496042,1.155035062226415,0.19173183907023764
9.499999999999998,-0.5555696591455087,-0.44314941371565353,1.3192473569066707,0.9640298138998619,1.0,1.154,0.9993014228837467,1.1548971752243462,0.19173183907023764
9.519999999999998,-0.5522981972672157,-0.4428692027087397,1.2999451657022316,0.9640319479636501,1.0,1.154,0.9993944910819758,1.1547776541294121,0.19173183907023764
9.539999999999997,-0.5472194274069376,-0.4426261953265067,1.276969591838553,0.9640335513805294,1.0,1.154,0.9994751656834584,1.1546740485886144,0.19173183907023764
9.559999999999997,-0.5404759892220151,-0.4424154611196456,1.2508037424592322,0.9640347561061171,1.0,1.154,0.9995450983734139,1.154584237604693,0.19173183907023764
9.579999999999997,-0.5322605175055353,-0.4422327236814055,1.2220186390339451,0.9640356612612044,1.0,1.154,0.9996057194409572,1.1545063844990646,0.19173183907023764
9.599999999999998,-0.5228163895414345,-0.4420742729032296,1.1912719527880218,0.964036341317248,1.0,1.154,0.9996582680475494,1.1544388980292337,0.19173183907023764
9.619999999999997,-0.5124370672791767,-0.44193688925846014,1.159305551193572,0.9640368522338159,1.0,1.154,0.9997038182071089,1.1543803990188652,0.19173183907023764
9.639999999999997,-0.5014636165684841,-0.4418177785934018,1.126940741052689,0.9640372360629664,1.0,1.154,0.9997433010585299,1.1543296917538317,0.19173183907023764
9.659999999999997,-0.4902797755234908,-0.44171451590358723,1.0950695219843654,0.9640375244058446,1.0,1.154,0.9997775239922791,1.1542857394212473,0.19173183907023764
9.679999999999998,-0.47930370002249734,-0.44162499673385364,1.064639584551851,0.9640377410091746,1.0,1.154,0.9998071871248311,1.1542476429558206,0.19173183907023764
9.699999999999998,-0.46897534689632153,-0.4415473950553854,1.0366304254105714,0.9640379037164907,1.0,1.154,0.999832897532744,1.1542146227635857,0.19173183907023764
9.719999999999997,-0.45973855080843407,-0.4414801266795707,1.0120181923518983,0.9640380259347991,1.0,1.154,0.9998551815816266,1.1541860028918576,0.19173183907023764
9.739999999999997,-0.4520174430493799,-0.44142181744098336,0.9917282035816793,0.9640381177370834,1.0,1.154,0.9998744956221196,1.1541611972957115,0.19173183907023764
9.759999999999998,-0.4461881193794607,-0.4413712755153439,0.9765768631093609,0.964038186691033,1.0,1.154,0.9998912352763112,1.1541396979140495,0.19173183907023764
9.779999999999998,-0.44254829167366955,-0.44132746733853806,0.9672086992307174,0.9640382384819215,1.0,1.154,0.9999057435014687,1.1541210643153563,0.19173183907023764
9.799999999999997,-0.4412894966684752,-0.4412894966684752,0.9640382773807071,0.9640382773807071,1.0,1.154,0.9999183175903877,1.1541049147086935,0.19173183907023764
