configuration,state_scaling_name,state_scaling_vector,box_multiplier_X,lmi_feasible,certified_transitions,horizon,box_inclusion_all_transitions,input_inclusion_all_transitions,transition_empirical_test_pass,simulator_A_B_consistent,global_stress_test_consistent,global_success_rate,max_box_margin,max_input_margin,max_next_ellipsoid_value,total_next_failures_tol_1e_7,total_box_membership_failures,total_input_membership_failures,simulator_max_difference,failure_reason_counts,first_failure_step_histogram,final_verdict
none__box_1.0,none,nothing,1.0,true,32,32,false,true,true,true,true,1.0,0.2142338542685861,-0.10866904802892652,0.9028007383063394,0,16820,0,0.0,success:1000,,NOT FORMAL
none__box_2.0,none,nothing,2.0,true,32,32,true,true,true,true,true,1.0,-0.0017171354569190944,-0.12246211422671327,0.9062404788524833,0,0,0,0.0,success:1000,,FORMAL
none__box_3.0,none,nothing,3.0,true,32,32,true,true,true,true,true,1.0,-0.21793593228667402,-0.1343330900114157,0.9086526684607106,0,0,0,0.0,success:1000,,FORMAL
trajectory_std__box_1.0,trajectory_std,3.0330526237853075;2.20453850201875;1.0;1.0,1.0,true,32,32,false,true,true,true,true,1.0,0.1878596992337262,-0.11554591698822625,0.898775398718406,0,31062,0,0.0,success:1000,,NOT FORMAL
trajectory_std__box_2.0,trajectory_std,3.0330526237853075;2.20453850201875;1.0;1.0,2.0,true,32,32,true,true,true,true,true,1.0,-0.021716989111722818,-0.1274312319298181,0.9024604688947683,0,0,0,0.0,success:1000,,FORMAL
trajectory_std__box_3.0,trajectory_std,3.0330526237853075;2.20453850201875;1.0;1.0,3.0,true,32,32,true,true,true,true,true,1.0,-0.23135599178895033,-0.13647864414276611,0.9046410488316609,0,0,0,0.0,success:1000,,FORMAL
trajectory_range__box_1.0,trajectory_range,10.351170382762849;5.854352829642586;1.0;1.0,1.0,true,32,32,false,true,true,true,true,1.0,0.2489694870841469,-0.12374889208258666,0.904777791621595,0,61791,0,0.0,success:1000,,NOT FORMAL
trajectory_range__box_2.0,trajectory_range,10.351170382762849;5.854352829642586;1.0;1.0,2.0,true,32,32,false,true,true,true,true,1.0,0.013948498951689536,-0.13256115058884355,0.9059100425660597,0,48,0,0.0,success:1000,,NOT FORMAL
trajectory_range__box_3.0,trajectory_range,10.351170382762849;5.854352829642586;1.0;1.0,3.0,true,32,32,true,true,true,true,true,1.0,-0.21251749142139237,-0.1399190689675831,0.9077666394364965,0,0,0,0.0,success:1000,,FORMAL
