configuration,k,worst_sample_label,worst_next_ellipsoid_value,worst_sample_x,worst_sample_u,worst_sample_x_next
none__box_1.0,1,boundary,0.8335926014892466,0.014953817511466976;0.018150862153925428;0.04388349230297939;-0.05141425405118749,-2.1655167989125164;-0.047820852080363185,-0.41763675633428504;-0.0028855415993889293;0.05329775216828292;-0.07345579086642928
none__box_1.0,2,boundary,0.8163677199156087,-0.45431169575492547;0.002229191401962382;-0.023593171703273796;0.03554294148151671,-2.3127163010657625;-0.3833207211813205,-0.9166652934912426;-0.005494141286992184;0.056998835606937526;-0.07385057535644979
none__box_1.0,3,boundary,0.8336377263461346,-0.8935534819566799;0.009482823568192564;0.06618076671612982;-0.06537500666064444,1.5429724476974072;0.7151886305527901,-0.5871735746837301;0.045288938913338905;0.16650043506607481;-0.1838539710625966
none__box_1.0,4,boundary,0.697968377117067,-0.5404939824332723;0.043459357716326474;0.20587618615714343;-0.2215987874541656,3.6209723312110818;1.2130755619393505,0.12055526387802629;0.32727029072036845;0.605195553925391;-0.6283228858497232
none__box_1.0,5,boundary,0.9028007383063394,0.08903952872042542;0.259943339102226;0.623214023599167;-0.712506454570419,0.2255807421266065;0.99136731481315,0.125403965157716;0.28664585778577084;0.6435443303805863;-0.7271277375110383
none__box_1.0,6,boundary,0.7778281065684823,0.16273538256939812;0.30146561792556686;0.6497216070536167;-0.7175850411522964,2.0758541085573485;-0.29458979525911566,0.5001255294884687;0.5433133231376972;0.5941283855238257;-0.5595284499043096
none__box_1.0,7,boundary,0.6626280087435267,0.5228750512342837;0.5758102253450685;0.5834096315451984;-0.503855863455148,3.2701993315527216;0.4087469402398627,1.0455234610873383;0.9683414091171684;0.7049263561585275;-0.5423610915399459
none__box_1.0,8,boundary,0.7483636187983154,1.0567588803310775;0.9271443647458403;0.7258870252074106;-0.6121735526747099,1.9739490524246288;0.03440075953225019,1.3512157342159878;1.1901152009619234;0.7320602385420809;-0.5431147050343834
none__box_1.0,9,boundary,0.772936256889731,1.2576420831191466;1.2111401398449397;0.660079380448023;-0.44314910248366246,1.7767334392030614;0.6631073669439482,1.5261519661603662;1.443633273126357;0.7671852925054052;-0.5217706235199331
none__box_1.0,10,boundary,0.7947694798892241,1.6113128672075212;1.4174838396376266;0.8405295985692445;-0.6296923790739744,1.5954607756637875;0.5626996996386593,1.8142374443639206;1.6636238740762943;0.9221446257739059;-0.6635537990870279
none__box_1.0,11,boundary,0.7686347938014947,1.7252334757578944;1.6836212386145437;0.8478026893728932;-0.564467896052161,1.9767646883058676;0.9057546324917383,1.9615852926196746;2.00000242179702;1.010572123352814;-0.6867721982129096
none__box_1.0,12,boundary,0.7705843390470901,2.0506263309463413;1.9715338303757461;1.0833368884902228;-0.7663343864344827,2.0783834066435047;0.3962243380438097,2.2313993747494436;2.345736353062732;1.1582010784446375;-0.756220930304671
none__box_1.0,13,boundary,0.8430258896576143,2.236950472625822;2.3433195607114654;1.1625784019866439;-0.7663058598830026,0.7930273972981086;1.05125570177842,2.294338777523597;2.4911378357935825;1.2383669995390196;-0.8188439881876257
none__box_1.0,14,boundary,0.7832240721496303,2.219301275055366;2.5564708108440497;1.1663422128126406;-0.7572643319557821,1.8945361802721083;-0.2591257730394614,2.3761299314562185;2.9013644726073964;1.1217128353340735;-0.6159450626334513
none__box_1.0,15,boundary,0.709564449700009,2.3657493959709797;2.9158636217337355;1.1232250539108266;-0.6226740399664332,2.9645558534016905;-0.31838317070519295,2.6449511274683575;3.438715823173676;1.0374191727891295;-0.40917710594181766
none__box_1.0,16,boundary,0.8231267000785196,2.7047634540058954;3.3462619939719;1.107339220194599;-0.4428483736679798,1.140955421344942;-0.5276464372513963,2.8123080682154806;3.5474890577275513;1.0526100326368422;-0.3407998947046913
none__box_1.0,17,boundary,0.7154187893705144,2.8109962215841997;3.5242294043390365;1.0462103320340903;-0.3099469777124977,2.727841471048542;-0.44736155629275,3.1098527834943654;3.980326327574195;0.9352711133242559;-0.12296800889646375
none__box_1.0,18,boundary,0.8285980709844682,3.07369332163463;4.104879021795109;0.865459044842174;-0.12053196777497543,0.8887787249575094;0.053697271582191064,3.18863675191984;4.2404705523090005;0.8697976805304029;-0.11868079532441422
none__box_1.0,19,boundary,0.7609821929307046,3.234359147358786;4.110641248583054;0.9473786482745705;-0.14331892465372942,1.7332288073153954;-0.7578277622139278,3.4530380013367497;4.379342105749032;0.8279705656879761;0.021670354918422063
none__box_1.0,20,boundary,0.7146435615119856,3.4515361743042403;4.361585512079862;0.8265584777391739;0.049963209995250946,2.1995035585957208;-0.4358718404391668,3.763245205328688;4.671791350774332;0.7394037809993907;0.14916217459329628
none__box_1.0,21,boundary,0.6479757377509091,3.773980151412538;4.653281927547365;0.746420030102029;0.1345637001407356,3.178611293688718;-0.22388232199968305,4.254312123230629;5.069554741905987;0.6817259503597155;0.18361109240951645
none__box_1.0,22,boundary,0.71100031119774,4.261745006058659;5.04268226118128;0.68381438108789;0.19349518773727725,2.124331487989581;-0.6064550351560021,4.606035729599597;5.291216058002732;0.5666951513395517;0.309110184882023
none__box_1.0,23,boundary,0.6813361112288567,4.605454484270185;5.463573961105467;0.4883915484759971;0.2682351036943196,2.240916745529935;-0.7486511435205303,5.015712766226517;5.642926881753852;0.3358765590146069;0.4131398043717387
none__box_1.0,24,boundary,0.5964729389769673,5.014476042453663;5.6710362043128075;0.3295051439365184;0.4209452780613212,2.923314548370522;-0.43762677530830896,5.577428074480334;5.827658810678135;0.21320326038967696;0.47980982688939733
none__box_1.0,25,uniform,0.6095612884812015,5.575901866578905;5.866748851158267;0.20686074400481713;0.48587179276137604,2.560041526400516;-0.7722105824209784,6.083725733000051;5.926437906734194;0.027143365993577806;0.6185024149494049
none__box_1.0,26,boundary,0.4293999745827994,6.073422532584365;5.788884141996484;0.07081768444807857;0.7679874141851704,4.094014947310345;-0.5868246915825761,6.889997765181649;5.7575241265752;-0.147588593623726;0.8260001834544135
none__box_1.0,27,boundary,0.6127961702892546,6.879405669106239;5.69862735385453;-0.12024138015465313;0.8658716090529079,1.8314532211751775;-0.5201393883805547,7.240695909595908;5.639008800979444;-0.20684237636462166;0.8706152918481331
none__box_1.0,28,coord_extreme_plus_4,0.5530932796990796,7.245337343433315;5.717317598375173;-0.25827598501018656;0.9442974346224551,2.271102525554066;-0.3234675782736387,7.680293244858598;5.586730608819451;-0.3250603517331063;0.8951226613229011
none__box_1.0,29,coord_extreme_plus_4,0.532818939674159,7.682741339124327;5.594135916043097;-0.3299147765725525;0.9603017085611683,2.4776545306252045;0.5944389475240919,8.160879862731006;5.4654196779396536;-0.1960225627986305;0.6688984048032802
none__box_1.0,30,boundary,0.5232338473415604,8.169106498980254;5.476396128942371;-0.23744713527531225;0.7389419447182868,2.4472091563203167;1.2544412803146179,8.654626172402894;5.428707818307864;0.041632881747607264;0.2971390348531102
none__box_1.0,31,boundary,0.600549027286044,8.617351708052887;5.292525775648554;0.358145038927987;0.15231236850165564,1.8097128253971269;-0.0761979982279235,8.95711489850082;5.417272235445333;0.3456089939586544;0.14940894441252262
none__box_1.0,32,boundary,0.6120228686837217,8.941653348875755;5.612141663505741;-0.236002750812923;-0.0545599307875233,2.22199778627362;-0.06217823469005146,9.37307041686684;5.505522323269444;-0.24856274170707726;-0.031211234076249372
none__box_2.0,1,boundary,0.8318600717773721,0.023159728706381843;0.02133523940002177;0.03851872336732187;-0.04055083667982107,-2.167482274932483;-0.057665952081633415,-0.4099110158303998;0.002181001042714313;0.049881444185871704;-0.06357129148099983
none__box_2.0,2,boundary,0.811659676812156,-0.44070789135841726;0.004469905195309526;-0.018421383004289194;0.029825671835813417,-2.3232841905584922;-0.3779018928480883,-0.9051341809509756;-0.005510527628862256;0.061394389108083036;-0.07949385203016446
none__box_2.0,3,boundary,0.8350644112812293,-0.8998914370079135;0.004935290050519327;0.06740607688319544;-0.07073467269628919,1.548719672602473;0.7115817009601797,-0.592411821375368;0.04123097164613523;0.16759158405964625;-0.18842104864912468
none__box_2.0,4,boundary,0.6959714514198946,-0.6442961280782465;-0.00834679487549982;0.16652075415296164;-0.24655469493058124,3.708945715548703;1.2337245694134573,0.04111697302635642;0.2610641459524309;0.5825041592341629;-0.6631726767093591
none__box_2.0,5,boundary,0.9062404788524833,0.11182316697297466;0.27883428403109034;0.6268434324798657;-0.7008885294902054,0.21271644136424883;1.0001107188937577,0.14603479928654453;0.30412141865511183;0.6461834318519859;-0.7150700865975086
none__box_2.0,6,boundary,0.7803474535592372,0.16773454295376516;0.31321435489780486;0.6465882525489302;-0.7014601848568347,2.067320975122178;-0.2964172988976508,0.5045044224865465;0.5529944277619748;0.5908800980580056;-0.5452697365016617
none__box_2.0,7,boundary,0.662044973294751,0.5138607370580932;0.5818427648970096;0.5748129959091477;-0.4934115364746514,3.270250044707597;0.4142656403559868,1.0395447345129227;0.9702978683239304;0.6979722894450555;-0.535880650231582
none__box_2.0,8,boundary,0.7511809240319748,1.05838808280554;0.9373566079222332;0.7229079579041602;-0.5935161654911751,1.9650184531143842;0.02971649529822895,1.3524042071839935;1.1981363171459651;0.7282164544153336;-0.5258471517128465
none__box_2.0,9,boundary,0.7762645434953409,1.3539735425555377;1.1799777037839443;0.7323391230317826;-0.5458452543104952,1.7604814124930137;0.6488931863812017,1.6031132470484255;1.4285533044147785;0.8361904315151891;-0.6089527396147236
none__box_2.0,10,boundary,0.7964018453301939,1.6102523241018794;1.4224862732289316;0.8383635361917845;-0.6202887993224309,1.5913589467552436;0.5610369755114878,1.8132423045239454;1.6675095486792304;0.9195281916863944;-0.6547321505303376
none__box_2.0,11,boundary,0.7669293174142536,1.8298237303902778;1.6678467339573666;0.9207277756586798;-0.6479565958494353,1.9323908127279754;0.9012867189813605,2.0384554860520927;1.9926950898824114;1.0790585188762547;-0.7558789322742143
none__box_2.0,12,boundary,0.7717480190800164,1.9572964751574276;2.0113727467758546;1.010895599742554;-0.680640947555017,2.102587417179562;0.4080007795703719,2.1665212188612455;2.376023754869352;1.0888826274992915;-0.6834119621640893
none__box_2.0,13,boundary,0.8451495222117433,2.226590076422398;2.332957353442901;1.158078502368344;-0.7631461393274508,0.8080907292245234;1.046051282283043,2.285665773312316;2.483348962984024;1.2349243517780124;-0.8163768014099642
none__box_2.0,14,boundary,0.7866491563912569,2.300166045391792;2.4810370167965665;1.2358556207883993;-0.8100023556866107,1.8859698643493488;-0.2922034862770664,2.433024378075173;2.83401605549109;1.1857568053905476;-0.657914251936083
none__box_2.0,15,boundary,0.7094618612087704,2.439130006464129;2.810735665473108;1.1800267019165336;-0.6294994579553288,2.9632149076978767;-0.31264820213631905,2.6876628824317494;3.3485549287056946;1.0958045370587808;-0.41683586766145275
none__box_2.0,16,boundary,0.8242168429449406,2.6998817099990413;3.3469415603233914;1.1037554620401187;-0.4440680130379273,1.1437975704592143;-0.5226293803918036,2.8083778669465835;3.5483034781025866;1.049411624263505;-0.34234662725903586
none__box_2.0,17,uniform,0.7118771809459946,2.810964567746761;3.5344050676009813;1.0473851472003783;-0.3165837053259857,2.719742254124565;-0.45651996446462473,3.108834144687365;3.989201350025948;0.9345109074543885;-0.12629053953214697
none__box_2.0,18,boundary,0.8287919625603037,3.0744495643922845;4.090535794532592;0.8651563458429745;-0.09708519609607613,0.8948554944487075;0.06051733274845761,3.19018028916644;4.227053151989552;0.870079461090187;-0.09737807956344113
none__box_2.0,19,boundary,0.7599851739905246,3.181952438230058;4.242652198453552;0.870263228639331;-0.11043243662996804,1.7294476832748007;-0.740549944384612,3.419794862702192;4.493521634820667;0.753832102669763;0.04707735452667672
none__box_2.0,20,boundary,0.7155781278987545,3.450372131242238;4.3689639204376025;0.8227668310146954;0.0552450466631913,2.1929426453890066;-0.43697149868507834,3.762315624092695;4.677070305512716;0.7356528824432358;0.1536637233198812
none__box_2.0,21,boundary,0.6494673869069303,3.7685323164737694;4.6569130525438815;0.7412795168713591;0.14516417312361307,3.182878870485945;-0.22346670340218644,4.25163870918165;5.071274930062049;0.6766188397335435;0.1919703001453481
none__box_2.0,22,boundary,0.715232011995994,4.25668287349085;5.048631653062078;0.6846324942876176;0.18341328560730963,2.1326100259656062;-0.6117681155618531,4.60229157309516;5.298156222879618;0.5660267836682271;0.30215839855849413
none__box_2.0,23,boundary,0.6852120419601465,4.607881112435874;5.277574732187507;0.56454524847363;0.3211711442030891,2.2525778159030523;-0.7735764504367966,5.005953310419958;5.487524246797707;0.4061324165500886;0.46468849104622345
none__box_2.0,24,boundary,0.6041464492858344,5.015347440534618;5.6634801635058;0.32967740603628704;0.43105106595817677,2.9210908707987997;-0.4344848521958209,5.5777769775700365;5.820341452392237;0.21429833919541608;0.48703991253233436
none__box_2.0,25,boundary,0.6199225321347036,5.557528191932099;5.631217370019773;0.2972868758388021;0.5155048187579574,2.5713042833838085;-0.7808976266383532,6.060215759017149;5.736270309858216;0.11474820199703428;0.645991071827718
none__box_2.0,26,boundary,0.4339870453297954,6.07340909417463;5.826549624346419;0.06525773826924208;0.7561699140785723,4.099998579344852;-0.6032156548633854,6.890773712388304;5.7879743639950805;-0.15957710972879902;0.8235329226843171
none__box_2.0,27,boundary,0.6108544256598389,6.885738091658134;5.782800148888171;-0.16263314925960604;0.8818678471793326,1.8315167501573137;-0.5193947553537157,7.244194446117408;5.707943031478291;-0.24911316692998708;0.8848733673113891
none__box_2.0,28,coord_extreme_plus_4,0.5550914803523705,7.244869323140031;5.718503452481902;-0.2555896964199116;0.9284804187342575,2.2711026117430757;-0.3240796765470071,7.680165980482655;5.589057929588823;-0.32250044185798066;0.8811850487477875
none__box_2.0,29,coord_extreme_plus_4,0.5283712148900847,7.682834335810632;5.595607771821468;-0.3267289050964939;0.9408740859200462,2.4776076168303423;0.5944809261672281,8.161371847581009;5.468419546143552;-0.1928297713935594;0.6511658346676366
none__box_2.0,30,boundary,0.49829776767462586,8.172153233710985;5.498372447118025;-0.2498633745778034;0.7083913708948089,2.4451144809828564;1.251844361272236,8.656615591584774;5.444506900603799;0.028400514120694886;0.27080862936508066
none__box_2.0,31,boundary,0.5920603101248615,8.59709631960289;5.646941437299075;-0.16003915803019098;0.014713089174715144,1.8042206849390698;-0.010390128819222522,8.953280074834032;5.589134930791349;-0.1617433476060839;0.015046968748955614
none__box_2.0,32,boundary,0.5859592376236777,8.92412313655336;5.561776072134511;-0.2299239355936411;0.01772452826389559,2.225026652780499;-0.04632655413821318,9.356936069748288;5.4583291775383875;-0.2392946462926413;0.026568388977545432
none__box_3.0,1,boundary,0.8258929638003346,0.014660347953747651;0.01920014112137106;0.03495923010655044;-0.0372619628830253,-2.1624879184023067;-0.05956628982649813,-0.4174745880204356;0.0015530592967127992;0.04666935575144615;-0.0602108639415202
none__box_3.0,2,uniform,0.8076293158657406,-0.44025632116192387;0.007303386060052787;-0.014211264505291865;0.02485046242993061,-2.3224925542218617;-0.37111111749811343,-0.9044913049065195;-0.004289176275772049;0.06414353614728308;-0.08326275710917663
none__box_3.0,3,boundary,0.8327680766833787,-0.902109137156818;0.003641060998739818;0.06637937046791853;-0.0765402135325326,1.5487033676150872;0.711315965969054,-0.5945948654165962;0.039614750271137325;0.166526409734705;-0.1935540561055844
none__box_3.0,4,boundary,0.6905255492561869,-0.6392336916561122;-0.009580432330494083;0.16992139974230014;-0.2503595230728526,3.7045441766728398;1.2331176969559783,0.04455818556849822;0.2616052300890152;0.585206761870527;-0.6653555490754206
none__box_3.0,5,boundary,0.9086526684607106,0.10823670292934505;0.2774967362256873;0.6249594522203838;-0.697954329340015,0.21452466790302127;1.0001620322018074,0.14278502724382203;0.3029366310723795;0.6444648547483203;-0.7123025088550898
none__box_3.0,6,boundary,0.7849202794742214,0.15228232343013498;0.2998969566262357;0.6434468127360518;-0.7147366390910532,2.0809846261196556;-0.2875076201676674,0.4918782934628329;0.5404208828015145;0.5890560002395819;-0.5582003003851277
none__box_3.0,7,boundary,0.6593255994470701,0.5092753706480676;0.5846257439261748;0.5745966573637427;-0.4974941962929762,3.2704936998342116;0.41009915464351443,1.035327841599114;0.9726775812366666;0.6965263575063743;-0.5377304312258726
none__box_3.0,8,boundary,0.7549560795362202,0.9539734300561077;0.947239853173342;0.6599734904051169;-0.5218534366790144,2.002180278543162;0.046087400941824175,1.2692878752453263;1.1940695415424751;0.6683621527010288;-0.4649670843650955
none__box_3.0,9,boundary,0.7778389740990815,1.3520029963146092;1.1841098309571445;0.7301079625802052;-0.5444265961171233,1.7584913820511328;0.6503780552510444,1.6013993192716152;1.431863289077229;0.8340792539651267;-0.6079152626930213
none__box_3.0,10,boundary,0.7961411493992441,1.6098647964342574;1.4264235918387085;0.8360678162181054;-0.6156390155872895,1.5883169950217808;0.5634552798164909,1.813003699077755;1.6705321217314257;0.9174265068424043;-0.6509077520021704
none__box_3.0,11,boundary,0.7687626127512066,1.7364472772164288;1.6889771782696412;0.853931957722931;-0.566073172473883,1.9654700801406904;0.9034830615605575,1.9697313816423647;2.0048350796069205;1.015365496396675;-0.6870357946810985
none__box_3.0,12,boundary,0.7720072985020582,1.958697712098136;2.0101638958625996;1.0136728879043622;-0.6859733569650492,2.1035165438624364;0.404698560060954,2.167110786060315;2.375495184020915;1.0910628984830462;-0.6873463112229685
none__box_3.0,13,boundary,0.8464085575809376,2.2323841635235384;2.346959064741772;1.15645919560722;-0.7584331493468888,0.7953145483050483;1.0582496298160495,2.2907902098759223;2.4948691822416533;1.2329720434555052;-0.8121604575705268
none__box_3.0,14,boundary,0.7854525529470858,2.3006708145296884;2.48404945702656;1.2321808167673032;-0.8009539782115351,1.879981988970148;-0.28655709051703715,2.434202557078275;2.8354954847802496;1.1832060741324195;-0.6512443986278371
none__box_3.0,15,boundary,0.7064804586023199,2.4301950015469966;2.8112228587389105;1.1785409751674214;-0.6232134111998429,2.9683161683327874;-0.3214328927150816,2.680628345954246;3.3492733059757036;1.0918032976692258;-0.4084179250256925
none__box_3.0,16,boundary,0.8254407318945646,2.642563041642955;3.44571375759284;1.0365512262138932;-0.39806407025127966,1.1392006555190406;-0.4947005246553928,2.763548625810531;3.63874810743508;0.985318211489072;-0.3034613266383652
none__box_3.0,17,boundary,0.7154736049587836,2.804322658583202;3.532319486384497;1.0423095308706785;-0.3073101913571272,2.7248238361351147;-0.4518779212852788,3.1048470073980337;3.986590092959666;0.9303742826032861;-0.11961724291466824
none__box_3.0,18,boundary,0.8300892455964887,3.1142102482234923;3.9888781672139695;0.9421511805454843;-0.16949732958233144,0.9016862250592892;0.00903507901454148,3.220203444004162;4.13477869120247;0.9428917992990966;-0.15991583051086877
none__box_3.0,19,boundary,0.764083662685539,3.226654357489234;4.118218353554616;0.9438782831258461;-0.14035127679194526,1.7349006333665917;-0.7632367977390455,3.4466119477579564;4.3863014985213615;0.8235019191434683;0.025508644793685864
none__box_3.0,20,boundary,0.7190522881041898,3.454123499356425;4.369432844815543;0.8216760919216695;0.042511340646656404,2.1862228305304097;-0.42773655414753176,3.7651279458390663;4.676587431567583;0.7366645082735115;0.14027318004886435
none__box_3.0,21,boundary,0.6490408098618112,3.768638423308907;4.658925118341942;0.734646092682596;0.152479057931302,3.1793796645060475;-0.2138340529289975,4.2533691530403415;5.070319856860336;0.6728406709133812;0.19447344750700113
none__box_3.0,22,boundary,0.7203113624211359,4.2558051318947285;5.052372239918924;0.6775801977241587;0.20009981259157028,2.1305571329746282;-0.6068236570647993,4.6027018874767425;5.29940399401887;0.560046336722599;0.31515647957085235
none__box_3.0,23,boundary,0.6933321005941573,4.60661973779119;5.28095322043933;0.5681080724334233;0.29832292981604835,2.2562402771556584;-0.7754703052003071,5.004652364073637;5.492532954910163;0.40904922367604835;0.4460593969344866
none__box_3.0,24,boundary,0.612405851669271,5.004339112812497;5.471498342427071;0.40544900493086633;0.4744918912178777,2.936532764251286;-0.4539129914405047,5.556728382599076;5.66992534682028;0.2842735166141068;0.5287783836192106
none__box_3.0,25,boundary,0.6210831781257806,5.572592763401618;5.845946871059473;0.2146890973343143;0.4668048078151008,2.564621420241636;-0.7641891305094006,6.080803635830291;5.910118390563623;0.03652038704156535;0.6007176793535383
none__box_3.0,26,boundary,0.4333022425931193,6.06926443447812;5.819286052352908;0.06756965927770953;0.7503665766567496,4.105144626351013;-0.5977973065664965,6.887800287209811;5.783265410414559;-0.15552528624034156;0.8169347881893665
none__box_3.0,27,boundary,0.6137100056028454,6.882832494930079;5.731160315599737;-0.12862092434938033;0.8561225724603809,1.8311959792614019;-0.533709034519184,7.243483290828524;5.6681210752023805;-0.21746872781365445;0.8644394758393625
none__box_3.0,28,coord_extreme_plus_4,0.5600195397287537,7.244387789444495;5.719144874835659;-0.254072172590492;0.9173239333474195,2.2710220057574864;-0.3245989817112127,7.679857919687692;5.5903418926222;-0.3210877571825499;0.8713910663138318
none__box_3.0,29,boundary,0.5305634264908051,7.6810012858491366;5.603612338650999;-0.32994229753807947;0.9263149152427443,2.479109294001569;0.5954906650855194,8.15943564084964;5.474883318032829;-0.19573443914674415;0.6374834037401942
none__box_3.0,30,boundary,0.4884012898785318,8.15424577084204;5.487465529394722;-0.2469270222928719;0.6832801312382109,2.4545515005003367;1.251167227390578,8.640748424897604;5.435045973543651;0.03225974092243611;0.24700572195026682
none__box_3.0,31,boundary,0.5831605676379253,8.59291414558655;5.619525852850567;-0.15103931581568197;0.04183593748142034,1.8042572316738203;-0.008498417813372239,8.949619423368395;5.564981466888608;-0.15243325507000582;0.038506485320600525
none__box_3.0,32,boundary,0.5633254681357516,8.922600823073543;5.474447676657371;0.4052262088092924;0.07098566351040381,2.225706906011382;-0.13831347109411052,9.334093666536226;5.6441873497159705;0.3772402771903316;0.09472857708320115
trajectory_std__box_1.0,1,boundary,0.8494136764114847,-0.022222022469841875;-0.03687352298634634;-0.05406434201476884;0.05272819579591825,-2.1596571828611393;-0.1101195526704072,-0.4537410595662284;-0.018196811343312205;-0.03244429811494154;0.030637016770318493
trajectory_std__box_1.0,2,boundary,0.8394548199565972,-0.4643854091930125;0.0022200320177313167;-0.032885709215186854;0.04705994255325274,-2.3236708974052345;-0.37376929482728793,-0.9289887927149747;-0.0008428305415754864;0.04607036648789009;-0.05792280156265406
trajectory_std__box_1.0,3,boundary,0.8307921026037327,-0.846460838121465;-0.0652919510565384;0.13253769581275154;-0.20271664740259965,1.533034783965343;0.6709960387151147,-0.5448788014291961;-0.01063284339710234;0.22605226556304503;-0.2981132593667932
trajectory_std__box_1.0,4,boundary,0.7098344735302995,-0.6721225557633683;0.052408666796780815;0.15024737139905486;-0.1973564840473898,3.6917683141510627;1.2145016258475179,0.01565793101462909;0.3066295302953534;0.5578527004707654;-0.6175985734949974
trajectory_std__box_1.0,5,boundary,0.898775398718406,0.1396033186694677;0.2561930362307572;0.6409255790602173;-0.7156381806226708,0.21145702126901977;0.9911545271825442,0.17325873312472517;0.2818020550334994;0.6599789048725198;-0.729298178386145
trajectory_std__box_1.0,6,boundary,0.7934609789390406,0.19197258648113447;0.27754841038765216;0.6599681734808902;-0.7284331170094926,2.0738715888709165;-0.29178171683962173,0.5264766291429015;0.5227042809282515;0.6049574632349204;-0.5700404670577242
trajectory_std__box_1.0,7,boundary,0.7126055327907128,0.37736350405621044;0.594662748396746;0.5270334364290026;-0.47464533502656714,3.339887095575653;0.4067602921809995,0.9325113272396689;0.9653889783646332;0.6505364774151756;-0.5191352263608282
trajectory_std__box_1.0,8,boundary,0.7825912553228385,1.0827682383518442;0.9098627087578751;0.7381359574862443;-0.6257630770526514,1.96578632896177;0.02933837398229966,1.3729012996201004;1.175183436024428;0.7433789551670054;-0.5543765038008619
trajectory_std__box_1.0,9,boundary,0.7960209301136847,1.3917470231812832;1.162970703093716;0.7476170502575492;-0.5536598255344485,1.7417819803279502;0.6449977749086744,1.6346726219351857;1.412437924134561;0.849748459501872;-0.6145024809991178
trajectory_std__box_1.0,10,boundary,0.8125175336713606,1.6321318151519593;1.4121974242704949;0.8504781015882039;-0.6448310553348282,1.586468741546327;0.5589805186554081,1.8315920842948912;1.6588478071277504;0.9310967488591277;-0.6763533967280635
trajectory_std__box_1.0,11,boundary,0.7984580617627354,1.855895824827509;1.6358047393680466;0.9355909886265703;-0.6732258285198789,1.9367446021944712;0.8962275392428506,2.060224738035339;1.9644046105593025;1.0933877021689904;-0.7770890269134956
trajectory_std__box_1.0,12,boundary,0.7995000972613084,2.0732339319605106;1.960140904215651;1.095342623171745;-0.788231843579573,2.070680950670401;0.3911267066126865,2.2490814623164215;2.3349861643809025;1.1689697705064122;-0.7745147470422298
trajectory_std__box_1.0,13,boundary,0.8624540671732306,2.2668954422299437;2.298057717872263;1.1726791726350791;-0.7695996073836326,0.7999707051081644;1.0575310536329066,2.3231928973522864;2.447777814185748;1.2495877056031244;-0.8229436125135612
trajectory_std__box_1.0,14,boundary,0.8050040003729765,2.336684153849854;2.4436290749370984;1.2486367289585205;-0.8268942433733586,1.8802347828952524;-0.28397990077890856,2.4643553813326657;2.797300684939299;1.200095921041462;-0.6754829734558605
trajectory_std__box_1.0,15,boundary,0.7563437069824537,2.4759390180559198;2.777924500727225;1.199411696419796;-0.6809008603313274,2.9575288143588043;-0.3125724800055609,2.7134944478274474;3.3194414626707944;1.115371504038702;-0.46075428934946094
trajectory_std__box_1.0,16,boundary,0.8300199620706927,2.7190449513285175;3.33284559752489;1.117601045518965;-0.4848504705298109,1.1412598960242537;-0.5345588058029926,2.8246208128915535;3.5351803469700145;1.0621400885071859;-0.37913276146811103
trajectory_std__box_1.0,17,boundary,0.7473214825979915,2.842174812732128;3.4557161578895212;1.0622004863337349;-0.3247858386670117,2.72092966197061;-0.454452065444228,3.133296166182043;3.9151451575315215;0.9497884768054616;-0.13367057813375194
trajectory_std__box_1.0,18,boundary,0.8347102321168868,3.1433349208997514;3.8925064701953094;0.9552537620850234;-0.14612721555535568,0.9029518569046564;0.02139054694891529,3.247478587449724;4.040042806648291;0.957009637911181;-0.13927167588403133
trajectory_std__box_1.0,19,boundary,0.7744296695118393,3.2521657834753945;4.0247125859405095;0.9604076826399597;-0.12831057255888734,1.7349220436006316;-0.7660432535556234,3.467724296790227;4.296348990009256;0.8395871983722145;0.0367217101498758
trajectory_std__box_1.0,20,boundary,0.7429385966974122,3.4760647702371696;4.268370441237924;0.8420635937632834;0.041984960654203096,2.1876635932508126;-0.43409047750441143,3.781147702510882;4.581803724139023;0.755732327052987;0.1414257758738824
trajectory_std__box_1.0,21,boundary,0.6821020382977978,3.7881058663588028;4.548351265766049;0.7593439798022636;0.14079112111165282,3.181184151448356;-0.22105667386529948,4.263242629364371;4.971322326885149;0.6954147082138835;0.18764380646075285
trajectory_std__box_1.0,22,boundary,0.7432237537578618,4.267130535457199;4.938376989888943;0.7009799124785454;0.20737981057844168,2.128608093243317;-0.6180857311567722,4.608097245131879;5.192866024187603;0.5813742497823164;0.323926538359669
trajectory_std__box_1.0,23,boundary,0.7141164620085021,4.611749917630789;5.154581520521695;0.5872984442837823;0.32535752164327647,2.2551181972972074;-0.7774545253639387,5.00548749014016;5.373585759547623;0.4279119126729385;0.46932403650066146
trajectory_std__box_1.0,24,boundary,0.6264007975648344,5.005682741535452;5.334760067745869;0.43309459961220353;0.4803885091763047,2.9363193253370525;-0.458815837440957,5.552467771496099;5.548006737874213;0.3106191623168777;0.5351090461465491
trajectory_std__box_1.0,25,boundary,0.6440270707308358,5.55478131484271;5.484424710083889;0.3294944438490388;0.5196450701799664,2.5657224002196415;-0.7846264900749631,6.052766943023323;5.605228874063749;0.14648228372257988;0.6501807503297461
trajectory_std__box_1.0,26,boundary,0.4561270938743335,6.092845951332901;6.0753264968596525;-0.014092930087143518;0.692550337493615,4.104320367225666;-0.5849699347203572,6.9058703215255886;5.974631444267048;-0.23235693165872817;0.767214499302368
trajectory_std__box_1.0,27,boundary,0.6639522436833987,6.915094074845472;6.115208101875594;-0.2752860319190482;0.7369332308789911,1.837387065688648;-0.5326773485382645,7.263827717716134;5.999728944439095;-0.36426189286355104;0.7576656506530997
trajectory_std__box_1.0,28,boundary,0.6242864364779876,7.264137204771729;6.063269710545692;-0.3865072581901261;0.7815432092276771,2.2819206710032027;-0.34209067154215766,7.680397969106412;5.876384561411308;-0.4574730558946185;0.7556465776748977
trajectory_std__box_1.0,29,boundary,0.5916541490254577,7.662920133952937;5.9499347032277745;-0.494984572373268;0.7458863906873394,2.5006473821452495;0.5875456357023712,8.11755701180979;5.74241792597111;-0.3614168945723586;0.47547804974125807
trajectory_std__box_1.0,30,boundary,0.6568689948155129,8.131189168079848;5.860130473794049;-0.4133056853359167;0.40523854883809163,2.447125811023075;1.1909400936080772,8.600067553758967;5.724879058088293;-0.14836202693131995;0.02153907607757599
trajectory_std__box_1.0,31,boundary,0.7374295921235269,8.56545417413784;5.7753654698820345;-0.20329174481527446;0.03428000944453968,1.8083274204073132;-0.04982794835654847,8.919368969761107;5.7008972993045575;-0.21148313075307312;0.04027995842021381
trajectory_std__box_1.0,32,boundary,0.7091620470889588,8.911534600093532;5.6603546432418;-0.272706832318673;0.039838343562732526,2.221017764606522;-0.06403873504551338,9.338537377200762;5.537950902644505;-0.28563693851494687;0.04979216315483592
trajectory_std__box_2.0,1,coord_extreme_minus_3,0.8481193081898293,-0.026793166366674226;-0.022002289139969305;-0.04954127462881708;0.05038063920848268,-2.158917291958885;-0.11095223900220358,-0.45824558206963917;-0.00531694376230538;-0.027765210323052347;0.02767232672347264
trajectory_std__box_2.0,2,boundary,0.8401843910748226,-0.4705305017764982;0.0009965824602577843;-0.029134288480192172;0.0367092516829044,-2.320418341817624;-0.36846295275706653,-0.93447540710959;-0.003517192359918639;0.04859191096142412;-0.06836821607888988
trajectory_std__box_2.0,3,boundary,0.8353922186803004,-0.8563762187088007;-0.06723273478297395;0.1266795286592992;-0.19650224892766888,1.5428353236376886;0.6746204622268462,-0.5525812800863079;-0.013835570041749887;0.22130028131133228;-0.2937753346957397
trajectory_std__box_2.0,4,boundary,0.7025461381348639,-0.6644704809648593;0.05080846295089958;0.15492770411122514;-0.21094702146801447,3.688407008040155;1.2194880896812572,0.021289721877028933;0.30844589976539927;0.5638339237659387;-0.629288585162409
trajectory_std__box_2.0,5,boundary,0.9024604688947683,0.142437422296462;0.2599923875738774;0.6368881429248114;-0.70732641876715,0.20828249329528015;0.9978923861021045,0.17569114840070127;0.2850802722013521;0.6557830078536955;-0.7210654097080229
trajectory_std__box_2.0,6,boundary,0.7976297843191797,0.1844635067156627;0.27551501347390384;0.6534848132313482;-0.7261919119755613,2.0794620193174147;-0.28125412293093954,0.5212341924373004;0.5194643005725618;0.6003159708303194;-0.5699917691895893
trajectory_std__box_2.0,7,boundary,0.7187498961155663,0.3937224370171816;0.5871897754541454;0.5282738752111333;-0.4608941767960948,3.3320156234333673;0.40822500449629495,0.9470735340066956;0.9577706346407343;0.651929520016389;-0.5086089082134535
trajectory_std__box_2.0,8,boundary,0.7851772582745941,1.0789779086296312;0.9024813199591977;0.7337420884753767;-0.6109082086072921,1.9706169150313808;0.02982336704662336,1.3709765433311836;1.1671880801000014;0.7390848549813098;-0.5411199587913833
trajectory_std__box_2.0,9,boundary,0.8014514581552963,1.378219039731757;1.1619789990142126;0.7413672282529875;-0.5592301894499774,1.7547860986270167;0.6515053337125827,1.6242954940689112;1.4119920497091552;0.8452992739602783;-0.6210949615631871
trajectory_std__box_2.0,10,boundary,0.8111700152312616,1.6251225673126264;1.4208831646281987;0.8481185840794407;-0.6350716615746439,1.5827574006261163;0.5524155002708636,1.8248369233113955;1.6663750630100362;0.927604013286194;-0.6663740743935991
trajectory_std__box_2.0,11,boundary,0.7973391595121617,1.8462601491530346;1.63162945404304;0.9301833901310212;-0.6682862924129989,1.9460665381346742;0.8962493831829638,2.0532273186592924;1.9607715816500035;1.0887434750797675;-0.7732563974970121
trajectory_std__box_2.0,12,boundary,0.795203316863762,2.0550146211534144;1.9753888703274824;1.088996027698009;-0.791007585739786,2.0767128294347925;0.388726605082583,2.2338017308494877;2.3501784214927053;1.1623845302359754;-0.7764106065948706
trajectory_std__box_2.0,13,boundary,0.8645294730376252,2.2477441464513133;2.3325073756556947;1.1679800477186708;-0.7812733543502306,0.7949276729453421;1.0514287211164814,2.304454275570428;2.480993750621904;1.2439627555864003;-0.8331184593931895
trajectory_std__box_2.0,14,boundary,0.8045657825595295,2.19318429224699;2.587850378256961;1.1578237249085621;-0.7368164876315033,1.8990405255671083;-0.2646092355519858,2.353505644587013;2.9321266864191164;1.1121415738401481;-0.59593491269437
trajectory_std__box_2.0,15,boundary,0.7528542859782349,2.4732619743464253;2.7653711729086337;1.195758603848473;-0.655177278848424,2.9571472702638575;-0.3161154515617097,2.713016016946952;3.305830560484077;1.1107767906962973;-0.43784969297817167
trajectory_std__box_2.0,16,boundary,0.8305650848478313,2.717265800072815;3.321574229113474;1.115592686911108;-0.4715637643006896,1.1430918752075199;-0.5325853326523133,2.823406243794451;3.5240272559411134;1.0602477808556943;-0.36679948316501143
trajectory_std__box_2.0,17,boundary,0.7466022307820238,2.8361477820814303;3.4649392412755953;1.059761789884579;-0.3345421852274115,2.724018895161035;-0.4513923444577136,3.1285775042904858;3.924272580462397;0.9479798557542285;-0.14252362959204135
trajectory_std__box_2.0,18,boundary,0.8331264869245303,3.052915695060668;4.175584232348677;0.858007964517248;-0.12063372472700262,0.8930884347113919;0.04777172119287165,3.1694596331809635;4.310942086130326;0.8618865437630312;-0.11815269687723617
trajectory_std__box_2.0,19,boundary,0.7749371114334744,3.1653614453652237;4.326510265725731;0.8613364387765614;-0.1342985691877301,1.7283779829103008;-0.7380002650206801,3.405227679213314;4.575150545773993;0.7453779470089517;0.025355829866986923
trajectory_std__box_2.0,20,boundary,0.7449451524334464,3.4665518871567156;4.279846293015859;0.8355291629499257;0.05720029235535984,2.1941952070133564;-0.4375233599720003,3.7747384370409707;4.592061856591471;0.7482553757311128;0.15551809809267025
trajectory_std__box_2.0,21,boundary,0.6802325360549423,3.7801261415933443;4.566559023883113;0.75367932374188;0.16026525087395704,3.184051781726591;-0.2303330522464737,4.25865099377992;4.986548552421572;0.6870072905240701;0.20635317689783816
trajectory_std__box_2.0,22,boundary,0.7442320586469074,4.264804146568522;4.941224563357099;0.6965348513875487;0.19575456514545087,2.1340764842423763;-0.6050216983276426,4.607502429849214;5.1952327245362655;0.5791564351277843;0.31119387126103826
trajectory_std__box_2.0,23,boundary,0.7169879256896798,4.600937663890206;5.564893815934572;0.47478615601753393;0.26030034992798035,2.2429525459837976;-0.7472886053972205,5.013961574972934;5.738835504666471;0.3224104396484089;0.40621471490825645
trajectory_std__box_2.0,24,boundary,0.6356271977518432,5.005546969542969;5.348615038904707;0.4398386458342487;0.43821167958259455,2.9395017796652194;-0.46265529080810097,5.551591716853564;5.565460579986517;0.31620445940679964;0.5019550663970409
trajectory_std__box_2.0,25,boundary,0.6512382603830387,5.553554170903919;5.504508292796198;0.32782136354684743;0.4966525064744083,2.5710136451045447;-0.7820403470488229,6.052756697055398;5.624783616280695;0.14503623597550064;0.6306336135514625
trajectory_std__box_2.0,26,boundary,0.46147935693443515,6.088775433205302;6.0545905761252845;-0.003203586278654136;0.6880633566763303,4.108326890679104;-0.5931547366567598,6.903442553858832;5.961338393293457;-0.22473754581871308;0.7671671152623443
trajectory_std__box_2.0,27,boundary,0.6647006303734602,6.912850940084783;6.088385062400723;-0.2662374717639717;0.7304366163411706,1.836245198358891;-0.5278432356523517,7.262448432715998;5.976285926169734;-0.354351072396049;0.7509247508471226
trajectory_std__box_2.0,28,boundary,0.6268147749215269,7.255536643680454;6.04080710031123;-0.37645498703663405;0.7451682247404396,2.2869576498499287;-0.33292535546854474,7.67474212208702;5.858077054524939;-0.44567191326552447;0.7216048491083602
trajectory_std__box_2.0,29,boundary,0.5811122496991984,7.674346013563419;5.913707071633666;-0.4856561725800126;0.7489498422989005,2.4910539558682787;0.5981306626023053,8.129328369059195;5.711653036428633;-0.35020383137986855;0.4763219335360702
trajectory_std__box_2.0,30,boundary,0.6019806521842725,8.150006867269708;5.1715753358888765;0.06407270708139334;0.42682794041142635,2.4572162360785033;1.2148262476931364,8.630201804533575;5.268795018049782;0.33544459615829325;0.03215662014315379
trajectory_std__box_2.0,31,boundary,0.7254386316767589,8.652050320139907;5.195152328251608;0.4080191112876794;0.07420967757258756,1.7952048876962556;-0.04613390890608482,8.982150326473658;5.33637484915585;0.40049003685524864;0.0746183315209148
trajectory_std__box_2.0,32,boundary,0.6857412214621913,8.929697502658568;5.672839552816277;-0.26868092604455596;0.05862638043433854,2.2158649638360437;-0.08155815319706505,9.355984681840152;5.5516903692382344;-0.28511018551587863;0.07011982118628879
trajectory_std__box_3.0,1,boundary,0.8512042378893877,-0.02700456527237967;-0.022177338515882536;-0.04484902849741346;0.045370902261452795,-2.158505979610826;-0.1051183784292073,-0.45844069360233924;-0.0072715696416489894;-0.024221878642282757;0.0234666997437456
trajectory_std__box_3.0,2,boundary,0.8404682604202864,-0.38729995699270847;-0.010813298330104418;0.0560395381748644;-0.0694620300033626,-2.349323012371767;-0.3139190952062508,-0.8551936960611954;-0.052831272797838044;0.12308475221040682;-0.1783680077190608
trajectory_std__box_3.0,3,boundary,0.8390848328117224,-0.8587764772470555;-0.06514346469584532;0.12260935294622355;-0.19194801938919426,1.5432538750652562;0.6789688244027975,-0.5547023748605595;-0.012872693030144336;0.21786583197423415;-0.29049404914949584
trajectory_std__box_3.0,4,boundary,0.6954021143811664,-0.6624860176852061;0.0547842446030954;0.16411160477139086;-0.221390690696325,3.682328164287531;1.2106942068196647,0.020312226562271607;0.3170713885489305;0.5694000935088277;-0.6332105131901642
trajectory_std__box_3.0,5,boundary,0.9046410488316609,0.1318060026598665;0.26802681570684006;0.63456367057056;-0.7097959204982529,0.20794927845867395;0.995511876664434,0.16506560496932557;0.2929960747878762;0.6533833047932336;-0.7234203852931245
trajectory_std__box_3.0,6,boundary,0.7970341825168228,0.05658437537090666;0.35461754287369146;0.5784815422016791;-0.6147097961931087,2.102924891865591;-0.259805632588718,0.4143024103735868;0.5757355431382567;0.5288132029455244;-0.4738509732884877
trajectory_std__box_3.0,7,boundary,0.723194319433249,0.5341610412413403;0.5138773740861344;0.5970633925751989;-0.5716392163527875,3.3063732787938562;0.4336975790620603,1.0552827723190834;0.9201992752656489;0.7274239458923244;-0.6055934105687757
trajectory_std__box_3.0,8,boundary,0.7887762790088299,0.930844319083765;0.9718786861875234;0.6507589951078003;-0.5075439281613048,2.0058150525957896;0.043549634623961886,1.2490510527223777;1.2161641543581194;0.6587001326226902;-0.45172104063341
trajectory_std__box_3.0,9,boundary,0.8033835900312105,1.376339406834464;1.1621429445490015;0.7397642202639338;-0.5509502564816797,1.7527765519085068;0.6494123616717342,1.6225914281542702;1.411420617938767;0.8432437439055467;-0.6133064844080867
trajectory_std__box_3.0,10,boundary,0.8122676380456803,1.5020727283176072;1.4696678765092526;0.7600901117449883;-0.5131285374803678,1.6154922261614875;0.5850699052220123,1.7263999813511102;1.702059098425181;0.846015192076552;-0.5635528310103686
trajectory_std__box_3.0,11,boundary,0.7965235401869861,1.8483925147566656;1.6183891765895386;0.9263497514406946;-0.6514055330648305,1.9471201806388407;0.8998486618651578,2.0566119491363795;1.9469853670441495;1.085632795898741;-0.7593513251005604
trajectory_std__box_3.0,12,boundary,0.7957306641964228,1.938197660266614;2.0327346509954314;1.0035856683426907;-0.6729980783735354,2.1052532410631843;0.40741108244310953,2.150353569078518;2.396305442957345;1.081558713957092;-0.6765908027942222
trajectory_std__box_3.0,13,boundary,0.8641378064189383,2.2542449332126506;2.302429330418051;1.1660463248791642;-0.7612409059491094,0.8021698322305766;1.0556268362279315,2.3116862423524136;2.4521852843494116;1.2430274159805332;-0.8150318762182325
trajectory_std__box_3.0,14,boundary,0.8052489547613763,2.321843229075473;2.4461693709514685;1.2444646676505027;-0.8178885835267256,1.8854916658178862;-0.2913717273634422,2.451597546226824;2.800199615897651;1.1945211255051635;-0.6653353599441809
trajectory_std__box_3.0,15,boundary,0.752893692589963,2.466579549975695;2.764765802654464;1.1940141761427734;-0.6527103781972259,2.961243996968391;-0.3183772367133346,2.707804681276256;3.3054638896655573;1.1083057505983422;-0.434772078863217
trajectory_std__box_3.0,16,boundary,0.8308229654815508,2.7170159825764233;3.319306940787564;1.1137205049534629;-0.4633374059035531,1.1392818741310897;-0.5309857071322366,2.823145111431066;3.520905680622923;1.0587257420845138;-0.3596533206325847
trajectory_std__box_3.0,17,boundary,0.7471516741800606,2.8347779955835133;3.476017020942224;1.0585215615618386;-0.34156218331323585,2.719209313209139;-0.44963033553473575,3.127116557237183;3.934272192375702;0.947372561935711;-0.14921886946317153
trajectory_std__box_3.0,18,boundary,0.8343289114537955,3.055482724925263;4.170543116976441;0.8602476838766018;-0.11912635461190835,0.8932746559359943;0.04639513491012259,3.171754976055176;4.306183488176812;0.8640152837105965;-0.11659468868156297
trajectory_std__box_3.0,19,boundary,0.7806490010747005,3.2424873173050193;4.0321519195267;0.9500758765188664;-0.11751610696674719,1.7394020329231736;-0.7563590613071334,3.461242576095182;4.302379118138556;0.8304747411681852;0.04476959512162537
trajectory_std__box_3.0,20,boundary,0.7513510702718053,3.4691795450034344;4.282322431154691;0.8340819490078939;0.04568510728471287,2.189578545143595;-0.4298338668206596,3.7769052538786188;4.593703395918789;0.7485224023927461;0.14363054212719106
trajectory_std__box_3.0,21,boundary,0.6811094787157757,3.7829924556696892;4.565577527612176;0.7511967889734956;0.13963791718608798,3.1835731905324884;-0.2158295617046857,4.2616152318434235;4.985332184494855;0.6887323156673668;0.18497472234219003
trajectory_std__box_3.0,22,boundary,0.7506288055367124,4.261359592631195;4.954765944559408;0.6968460253082043;0.19365860704794668,2.1367962581378332;-0.612793113372109,4.60462082637817;5.208915744214517;0.5778083860658265;0.31136976379126935
trajectory_std__box_3.0,23,boundary,0.7210427751280495,4.615512116001791;5.177038964862283;0.579838592447151;0.31821122740476815,2.24724447786968;-0.773088700627997,5.009343573279182;5.392634934114599;0.421900473048086;0.46175412879241184
trajectory_std__box_3.0,24,boundary,0.6437058681175196,5.009034242405914;5.770904761577145;0.3130164906719979;0.4330543504456932,2.9297338371234396;-0.439251644351188,5.575780789913114;5.918351691906104;0.19602645381129014;0.49030208017407384
trajectory_std__box_3.0,25,boundary,0.6557611049946024,5.5574291220543675;5.51703060518839;0.3206952139650556;0.50566505051831,2.5652242677508994;-0.7790939679391009,6.0562943416439206;5.6337587069012685;0.13900878183635346;0.6370470352280364
trajectory_std__box_3.0,26,boundary,0.46293700226028345,6.084809449742351;6.033970113551738;0.0037717855396297573;0.6892185555708004,4.111479924572373;-0.594148426321623,6.900701015207404;5.946115551823491;-0.21830360782742675;0.7685096396567745
trajectory_std__box_3.0,27,boundary,0.6651869494456257,6.906734034616637;6.070925042088369;-0.25615985570195887;0.7307925322409679,1.8414750075057773;-0.53376138676464,7.258371409299435;5.961828093969143;-0.3455151514927506;0.7524537420587376
trajectory_std__box_3.0,28,boundary,0.6312229864734282,7.260603553245196;6.011706487658895;-0.37115015286231356;0.7660459202156882,2.2780299326979803;-0.32604128131173926,7.679288596882504;5.832260672312143;-0.4386712254189815;0.7382878219241804
trajectory_std__box_3.0,29,boundary,0.5758046496648914,7.651919504539858;5.338121962325509;-0.1324961824820896;0.6739896812569235,2.4934423840967286;0.5806786011683305,8.149140579647892;5.304916506144381;-0.000869942873806373;0.4146705406197113
trajectory_std__box_3.0,30,boundary,0.5690658577712401,8.115380572151446;5.78691229133127;-0.38761460383973567;0.4412606269077073,2.4570448493478887;1.2077874666095054,8.589739149678277;5.664411176749136;-0.11783387893611552;0.0465126102356197
trajectory_std__box_3.0,31,boundary,0.7114154716891667,8.588670798607176;5.747768062055118;-0.19007527443859873;0.02393216190500569,1.7994806076903442;-0.053196620624466284,8.94178487323823;5.678234967999266;-0.1987776641848158;0.031836152455913425
trajectory_std__box_3.0,32,boundary,0.6591033819969732,8.918689280956409;5.364634293919174;0.435699107434818;0.06524148107964978,2.2215652872955176;-0.09185835787222796,9.323208740264729;5.548407083492107;0.41714734932600805;0.07833188184874906
trajectory_range__box_1.0,1,coord_extreme_minus_3,0.8580287944818821,-0.04064972577967258;-0.015240072074145457;-0.0623397389468745;0.06327995793050123,-2.1542144631984956;-0.12057339690927474,-0.4709326350742537;0.0065220842126412285;-0.03872692481060813;0.040082145429833016
trajectory_range__box_1.0,2,boundary,0.8486518330939803,-0.49519467221030883;0.02927942781064976;-0.040110920318427556;0.04478951318757085,-2.3185598175841844;-0.3731070087658616,-0.9587870101566232;0.029645440966566475;0.03853189042553229;-0.06015060578246256
trajectory_range__box_1.0,3,boundary,0.839634168477891,-0.8279984499328698;-0.10054155780037682;0.1359124489664052;-0.2077213678764802,1.538076559742263;0.6749234345902949,-0.5256373570540831;-0.044552745689620615;0.2302837139085936;-0.30355584089231646
trajectory_range__box_1.0,4,boundary,0.7411369413365435,-0.6965950819432682;0.11961692726519557;0.15072338441602096;-0.1992990812429527,3.6739012174149535;1.2081114387062748,-0.011649960778321256;0.3715623881684681;0.5542217558192859;-0.6149116197295026
trajectory_range__box_1.0,5,boundary,0.904777791621595,0.1672733530708047;0.22495371221543553;0.6458760986689098;-0.7204863669699009,0.21018247782122046;0.9960374098482152,0.20059976559638715;0.2505733111787657;0.6649078814693214;-0.734105987751092
trajectory_range__box_1.0,6,boundary,0.8021664043724155,0.22593552281902515;0.22915316366528932;0.6640877155096518;-0.7230508880914135,2.0708938729340227;-0.2863923626615391,0.5588149572317328;0.475514254686228;0.6101706074104811;-0.5666293086365184
trajectory_range__box_1.0,7,boundary,0.7329552101062201,0.3467674738525003;0.6693655531837429;0.5258741084833565;-0.48687394776139303,3.3266131237695404;0.40355881484420797,0.9004136696072581;1.037578794258247;0.6479181129991405;-0.5276112525506504
trajectory_range__box_1.0,8,boundary,0.7897016873155659,1.1207938588865152;0.838424805383269;0.742166812076253;-0.6097468025221167,1.9709049115216308;0.03486399357615333,1.410473504207519;1.1057520292929606;0.7484135044557529;-0.5411600509342449
trajectory_range__box_1.0,9,boundary,0.8026124981649442,1.1886610311656016;1.312655140554191;0.6456515959460196;-0.4502293751316975,1.779684413142085;0.6592043406348508,1.4610017268108644;1.5415690483629305;0.7523039314099695;-0.5273590333419644
trajectory_range__box_1.0,10,boundary,0.8151973006738387,1.684575090791966;1.3203323596727294;0.8581337771888329;-0.6187096851993203,1.5881426934592513;0.5648211380502861,1.8822331461434278;1.5688545705789623;0.9396807375075511;-0.65389902774153
trajectory_range__box_1.0,11,boundary,0.8004150293339093,1.9040149722094144;1.5195893239085931;0.9371251462764318;-0.6374653874414573,1.9495289321714684;0.9035253383609414,2.108791940549535;1.8509024763464719;1.0972568542841294;-0.7481086660016327
trajectory_range__box_1.0,12,boundary,0.7976939671769288,2.1258445768455587;1.8417158997719083;1.099898617291739;-0.7545862845372513,2.0782622185329522;0.4036708823844114,2.3001194481134286;2.2189578649466934;1.1761653394355012;-0.7474823105009829
trajectory_range__box_1.0,13,boundary,0.8681316796212322,2.314295678451138;2.175135776548864;1.1779384587881587;-0.7350594711365961,0.8086626419875023;1.067440922590707,2.370288881803594;2.326822138271847;1.2564111493906838;-0.7918048958368296
trajectory_range__box_1.0,14,boundary,0.8127069851694954,2.3806137918493673;2.302763218977788;1.2556530663500762;-0.784549397637452,1.89353191284596;-0.27900178938347286,2.5065942985043494;2.6598624646506837;1.207625903446555;-0.6367879157388119
trajectory_range__box_1.0,15,boundary,0.7608983747659895,2.5207896709132736;2.6589146749631523;1.2146037615096406;-0.6565230050404662,2.9569626991323306;-0.31919922406044743,2.7505253944640167;3.2036642631079886;1.128798288860665;-0.4380303870762763
trajectory_range__box_1.0,16,boundary,0.8377450890958041,2.762584850926595;3.135727215311118;1.1207004144897512;-0.3928508462555955,1.1489831752951227;-0.5061107682110195,2.867979610997176;3.3398990579644394;1.0678356183524649;-0.29632672597620147
trajectory_range__box_1.0,17,boundary,0.7582327628882596,2.68417360223704;3.8494007857423993;0.949207001634222;-0.30799399839099184,2.7202822435291525;-0.44453905285121864,3.024642118211983;4.2734062741494965;0.8392732114500006;-0.12264945915861292
trajectory_range__box_1.0,18,boundary,0.8472989195346495,3.170093509261999;3.7375466156794848;0.9648268823051485;-0.10591199842648802,0.9113363197764546;0.034789127075203874,3.2736894583304803;3.887510650861548;0.9677091182175985;-0.10293162887474416
trajectory_range__box_1.0,19,boundary,0.7975812825383429,3.282008820768212;3.8628177033817317;0.9712999835778344;-0.09727824513464034,1.7382230113661423;-0.7480639063240617,3.4946473132758973;4.137592139849912;0.8530907203101137;0.06093342354425779
trajectory_range__box_1.0,20,boundary,0.7777387262278633,3.500175780108312;4.113290065724986;0.8639446491445311;0.06940685178684314,2.191013163385313;-0.43915831565238683,3.798964921214003;4.43364018303784;0.7764717718350309;0.1662000227685696
trajectory_range__box_1.0,21,boundary,0.7382355640119287,3.8074675037741113;4.382969981178987;0.7884840754336007;0.15684752958914583,3.188538582400068;-0.22855349554099913,4.2716500714953725;4.820070610242017;0.722233926463157;0.20308249083449414
trajectory_range__box_1.0,22,boundary,0.7764411528051224,4.281729558777432;4.770852827929591;0.7395078520086504;0.1757629912695715,2.1337098297308454;-0.6120378670069697,4.613317899268139;5.039076825860607;0.6207886508268077;0.29573982703185386
trajectory_range__box_1.0,23,boundary,0.7675270510353455,4.616257084423953;4.9761130999507;0.622879975309786;0.3295088913425541,2.261549008507215;-0.7744519082808257,5.003036275027883;5.209681610849785;0.46365625300896607;0.47247227470609365
trajectory_range__box_1.0,24,boundary,0.7070687228110428,4.99942768951327;5.170300686072737;0.48438214730359475;0.4491980029262943,2.9488222599880025;-0.4692103521457458,5.5372214235293375;5.411426633307;0.3585986990286689;0.513124776691888
trajectory_range__box_1.0,25,boundary,0.7250555911026473,5.539289488237896;5.32134394043617;0.3760642880226426;0.5111488443126424,2.580647019410378;-0.7854012598521267,6.0340529401127885;5.465725610304078;0.1918057952700476;0.6440303127527591
trajectory_range__box_1.0,26,boundary,0.5978654271465017,6.0958910953755945;6.2648590964078865;-0.06049850575200111;0.6175083800652814,4.122919927540852;-0.5793650783015236,6.907121778893028;6.126378459600115;-0.27765085362932984;0.7079594326975407
trajectory_range__box_1.0,27,boundary,0.7454672158782992,6.927548475643777;6.239657639844858;-0.31420872803536914;0.6905757940849369,1.8360189284911543;-0.5319303399673148,7.271281024091911;6.110824377902777;-0.40299365283707145;0.7162682424766116
trajectory_range__box_1.0,28,boundary,0.7104446077715781,7.2610451386119745;6.166304618878359;-0.4210484988159293;0.6881229370342723,2.291277947506959;-0.3278409755672387,7.672559471827801;5.964878336931636;-0.4893371167801459;0.6706835265212132
trajectory_range__box_1.0,29,uniform,0.7132204355581583,7.68026056345501;6.037123510523281;-0.5317799276093966;0.7050513274676722,2.48804481254838;0.5793171588670827,8.124434073375705;5.813582606078457;-0.40074655925125935;0.4428839545654055
trajectory_range__box_1.0,30,boundary,0.7385421552814182,8.136484694356872;5.13698705340823;0.106979127452703;0.4645520637126781,2.4628998350374203;1.2086303064172275,8.613220613427398;5.254807663991673;0.37759143493417735;0.06550168304736559
trajectory_range__box_1.0,31,boundary,0.7603927545762259,8.636833823522041;5.189048048289735;0.42693971214363113;0.08002057022968545,1.8006972321957795;-0.060678119895226645,8.965381410424984;5.336546650403466;0.41700671918452414;0.08268023928529145
trajectory_range__box_1.0,32,boundary,0.7144096475256461,8.889797527371403;5.689502909678935;-0.2679311534142492;0.05792917709802703,2.2244714220793647;-0.06263265744384683,9.318060923670725;5.569009168607487;-0.2805970221935876;0.06489240052375189
trajectory_range__box_2.0,1,coord_extreme_minus_3,0.8601326122358841,-0.036793592385169174;-0.011975224460411944;-0.055394413659867414;0.05613586304906226,-2.1564683811370973;-0.11501954918270746,-0.4676584350919655;0.007046897829654182;-0.03284568447576275;0.03327585608640282
trajectory_range__box_2.0,2,boundary,0.8501099390470092,-0.470512706599453;0.00793450904167646;-0.03415913484583344;0.04336837512060754,-2.3238600597122776;-0.37203882209498823,-0.9351589676706034;0.005546518969281524;0.044437788729525085;-0.06176394905448257
trajectory_range__box_2.0,3,boundary,0.8423967685061131,-0.8332831765991524;-0.09919714209632843;0.1317531507100771;-0.19614074194918674,1.5413107266806356;0.6740507786992666,-0.5300578267697759;-0.0443398221457767;0.22620057757704215;-0.2932631411576967
trajectory_range__box_2.0,4,boundary,0.7370817704615822,-0.4988359162508298;-0.08364126618282271;0.21841088783137685;-0.2773536558505687,3.6642667983990327;1.2423632285077244,0.1639734167454352;0.21660335511310863;0.6322609178107119;-0.6850687190238931
trajectory_range__box_2.0,5,boundary,0.9059100425660597,0.14594949289350034;0.2531077333431046;0.6410284669897566;-0.719696915040088,0.20728127847673022;0.9932943821738018,0.17894194885567208;0.27820890485625527;0.6597458605752786;-0.7330781344822781
trajectory_range__box_2.0,6,boundary,0.804479655876404,0.2096593862052073;0.24226250013253806;0.658246538794443;-0.7260053030433751,2.0755821059695245;-0.28030011229494334,0.5446046512367777;0.4874015371437028;0.6053569117598401;-0.5703139977824363
trajectory_range__box_2.0,7,boundary,0.7385455195913123,0.3577023817872099;0.6498829751172299;0.5263595527749634;-0.47978009596059623,3.3293989641095942;0.4042864658036667,0.9115719780574307;1.018761608807436;0.6487260019068048;-0.5222415925535278
trajectory_range__box_2.0,8,boundary,0.791608449556468,1.1062143252144654;0.8544454818165101;0.739382595142319;-0.6098604525793805,1.971877155419638;0.030883924955656172,1.3968752052762283;1.1209934815879896;0.7449188956959327;-0.5403753626556904
trajectory_range__box_2.0,9,boundary,0.804618944978778,1.195425328730567;1.3123311424895385;0.6520577546522484;-0.4666956786032528,1.78119164252084;0.6582915570741626,1.4665301610718546;1.5431726681264475;0.7586526109979328;-0.5417282447996228
trajectory_range__box_2.0,10,boundary,0.8163532723352602,1.6764688206106257;1.3187424185005945;0.8534379400268484;-0.6055202763536274,1.5896429059877262;0.5618024151470732,1.875524519577152;1.5665324616665643;0.9346256876455135;-0.6415600867271927
trajectory_range__box_2.0,11,boundary,0.8006619674531097,1.665046424767862;1.8104355730731574;0.8374698352635743;-0.5818408966882038,1.9648190093364373;0.9027111945790358,1.9034498380393963;2.1222851501982856;0.9987120275408188;-0.7004948153351096
trajectory_range__box_2.0,12,boundary,0.7997056450315698,2.1136792272544116;1.8258957357009675;1.0911958754316267;-0.7325833478772901,2.087914450664003;0.4001983507779861,2.2921130002188;2.2033252397896685;1.1671576863153774;-0.7272995084944753
trajectory_range__box_2.0,13,boundary,0.8686551310162075,2.3046440370475154;2.1878129711400325;1.173147805922821;-0.7302775533920318,0.8072551977345284;1.0682842804345343,2.3612702264761283;2.3389637745218157;1.2515458093809002;-0.7872756481237833
trajectory_range__box_2.0,14,boundary,0.8123485893688172,2.3691977428548214;2.3187672152187897;1.2526652409800931;-0.7830346320008674,1.8929013375527557;-0.28351028477866136,2.4963374081887024;2.6753202961025626;1.2038782412285034;-0.6345330470050694
trajectory_range__box_2.0,15,boundary,0.7624863545867546,2.5093052559329587;2.6585052133261544;1.209751122197928;-0.6402531911253124,2.961262095098217;-0.3249750346216229,2.7424739148296755;3.202721767428083;1.122266008390815;-0.42215241314106233
trajectory_range__box_2.0,16,boundary,0.8374460630027781,2.5825867556632236;3.6349803951334314;1.0228485899269684;-0.4400681947165479,1.138794779360742;-0.5128835830244749,2.7063391784416746;3.826153860389944;0.9697513947662317;-0.3403059917196085
trajectory_range__box_2.0,17,boundary,0.7647411473503142,2.872063539815558;3.3370314276106106;1.071207807458877;-0.3066351232960778,2.7211844327230503;-0.4509363987481383,3.158865554893278;3.799234195071956;0.9596549794205469;-0.1195623755971309
trajectory_range__box_2.0,18,boundary,0.8482163752208242,3.0255636648665596;4.309620025555926;0.8517942560041325;-0.16269742613179794,0.8941110717435841;0.0319198288182978,3.1431673835533145;4.4443298312768444;0.8543887898545508;-0.1559842957889752
trajectory_range__box_2.0,19,boundary,0.7990838383487583,3.273900041735478;3.8992512390190894;0.9781536689999131;-0.12485516762287618,1.742360219010032;-0.7643598422847706,3.485541993265406;4.175823483048403;0.8570818342539344;0.04011197983434034
trajectory_range__box_2.0,20,boundary,0.7858671424732401,3.498234376296666;4.133957559767317;0.8629303796624601;0.0437531284627255,2.191887229500792;-0.43361989657197997,3.797298798235566;4.454294467018861;0.7765262056848621;0.1429976196367586
trajectory_range__box_2.0,21,boundary,0.7358937692694052,3.800057038335516;4.409390879952967;0.7801616556914048;0.14781259729927587,3.194195730084033;-0.22112566707112213,4.268253622608594;4.843864371111236;0.7159508682758995;0.1934259169634327
trajectory_range__box_2.0,22,boundary,0.777912323351788,4.273661185849724;4.798832590313485;0.724987323059135;0.21242904228909731,2.1369307656700185;-0.6156035814931835,4.609727616270776;5.062462460408805;0.6053962109910049;0.3280773580122407
trajectory_range__box_2.0,23,boundary,0.7649775249903861,4.617773303406244;5.005990669143179;0.6110006405690331;0.32748642585326504,2.25680638952885;-0.7652119612890838,5.006239376400259;5.234907907298593;0.45400652751620507;0.46822656322856293
trajectory_range__box_2.0,24,boundary,0.7155613073800605,5.004676316463205;5.1878540596912925;0.4667432328469827;0.4700394282166802,2.939945178716515;-0.45531913320149364,5.544557143979067;5.419874320082262;0.34505111553488144;0.5256367388602765
trajectory_range__box_2.0,25,boundary,0.7233817649835959,5.583794709954384;6.130510902065598;0.14154982891850754;0.4869182722814065,2.561409621677157;-0.7611069167624569,6.0946899755962365;6.157580889402658;-0.03567804196516455;0.61643108030658
trajectory_range__box_2.0,26,boundary,0.5860699370162983,6.029524346797723;5.436106092543669;0.19639179027472675;0.6368460203382029,4.124399133685583;-0.5737460345323004,6.849569059865185;5.50914293629272;-0.018731632250778674;0.7203886573182632
trajectory_range__box_2.0,27,boundary,0.7338587984705174,6.910451666396393;6.19925963062769;-0.2975041175407278;0.6932095997032519,1.849351799572565;-0.5304573145068527,7.258774030495151;6.075223458400601;-0.3866861347388806;0.7184911193223833
trajectory_range__box_2.0,28,boundary,0.6947180654778778,7.2798445804966665;6.1384702909771;-0.40957897132871013;0.6880832894685209,2.274595629237454;-0.3311350358716716,7.690610894883373;5.943171534462998;-0.47805154453608223;0.6715617525713125
trajectory_range__box_2.0,29,boundary,0.6945007100555042,7.672034235755659;6.009463353602233;-0.5121735891987305;0.6940978634737935,2.491716621917192;0.5745543035252485,8.121075802904013;5.794155580634431;-0.38202572480892005;0.43416185783424677
trajectory_range__box_2.0,30,boundary,0.7159287014352553,8.135610487632135;5.140421857514709;0.08830695491779395;0.4602855257718077,2.464589745842256;1.2216900543184581,8.614587768414777;5.250133145919593;0.3620310258696793;0.05801834823881258
trajectory_range__box_2.0,31,boundary,0.7453765516284854,8.585194251258802;5.745352975502939;-0.21275598068171897;0.02011619896950112,1.7999355689500427;-0.03342356877667352,8.936855008570816;5.668378233906046;-0.21822509616193564;0.024470831076152777
trajectory_range__box_2.0,32,boundary,0.6927906369244115,8.960227497453909;5.343717084213183;0.4597083367287982;0.07827547837852622,2.2152248632290132;-0.11160788988129577,9.359451974452147;5.535811856678931;0.4372322846744736;0.09428079541810375
trajectory_range__box_3.0,1,coord_extreme_minus_3,0.8626676675255003,-0.03425604533961669;-0.009105295598260687;-0.05032175156521701;0.0507087823694361,-2.1584937644451805;-0.10981769972798072,-0.4656089122694306;0.007962387815405283;-0.02877258610262068;0.02837807151463778
trajectory_range__box_3.0,2,boundary,0.8509689243920748,-0.36460535029199626;-0.04636493142465404;0.05770545375734715;-0.06823401862942724,-2.350612904371496;-0.3197217594530166,-0.8326544964529121;-0.08948431820706226;0.12602746226449435;-0.17876249700848623
trajectory_range__box_3.0,3,boundary,0.8436483667507064,-0.8566542811583086;-0.07045681031393662;0.12685969827193722;-0.20039815426253416,1.5424587912529981;0.6728542025194715,-0.5529352281208023;-0.017058960487532214;0.2212096873544538;-0.29692140608266016
trajectory_range__box_3.0,4,boundary,0.7377708052985854,-0.6801737176273344;0.11621088699136359;0.1668354220140631;-0.23434445068558807,3.6702504633283906;1.2116494585457191,-0.00017346645657811965;0.37915590944567257;0.5711133298885196;-0.6420918921959342
trajectory_range__box_3.0,5,boundary,0.9077666394364965,0.14380890753216158;0.24661723425771603;0.6390009161475838;-0.7129281100440279,0.21014368986714177;0.9919969246890742,0.17730551646039439;0.2720010704606093;0.6579519974285857;-0.7265648715766959
trajectory_range__box_3.0,6,boundary,0.8055730208502355,0.1906714902909899;0.26181240823891766;0.6578438522113808;-0.7292716569183897,2.0784791369144466;-0.2893140741864002,0.52639827397378;0.5068583603313204;0.6031771915557309;-0.5710151994943313
trajectory_range__box_3.0,7,boundary,0.7421632047503577,0.36969303516087226;0.643774572021661;0.526577392647456;-0.47477161345547314,3.323928056298212;0.4082636357900521,0.9223822058703318;1.0124403252134355;0.6499445702264439;-0.5195675882239228
trajectory_range__box_3.0,8,boundary,0.7933243345445998,1.1025744303406864;0.8466752318186639;0.7355759609999764;-0.600455334895313,1.975087920540943;0.032085296767760396,1.3946928715381544;1.1125798697956046;0.741336986642974;-0.5321832526856225
trajectory_range__box_3.0,9,boundary,0.8049740261502979,1.4098672464352286;1.082652846415242;0.7424634510140615;-0.531429734655191,1.7615923515176766;0.6508977364140349,1.65658379515214;1.333943329005459;0.84670131229471;-0.5966382153319918
trajectory_range__box_3.0,10,boundary,0.8156515482356731,1.6747205482393386;1.3089252010805876;0.847038421305593;-0.5853915628685669,1.5879309311498528;0.5654606379702148,1.8750869612268728;1.5552142529384747;0.9286668247038321;-0.6240827977415258
trajectory_range__box_3.0,11,boundary,0.8007681402131847,1.6719598854518536;1.8185465784271146;0.843778487211928;-0.5901968672939715,1.9577223954508516;0.8996101367103733,1.9077178792476444;2.1306332661811527;1.0038863882857916;-0.7066949717718729
trajectory_range__box_3.0,12,boundary,0.7978941477806898,1.8946869814894929;2.1359393875685018;0.9987590893472351;-0.6996873848907885,2.098785685711969;0.4001462899853441,2.1082340081204243;2.497198513768095;1.0751064807665074;-0.698356920506841
trajectory_range__box_3.0,13,boundary,0.8681558963620746,2.297775666682376;2.184101286043012;1.1663425719767266;-0.7235667620981587,0.8149525900733874;1.0727778461725066,2.3558962505989833;2.336331132052467;1.245821034186875;-0.7818807877173355
trajectory_range__box_3.0,14,boundary,0.8101847676404965,2.363565207480978;2.3391628948762215;1.2517695382989986;-0.7969971105304365,1.8907674867356672;-0.28087768113829625,2.490790414759948;2.6952331691283398;1.2034900485493623;-0.6479681749262429
trajectory_range__box_3.0,15,boundary,0.7657954302752787,2.5025070432870202;2.6526890912813066;1.2013711264491498;-0.6284186802068228,2.9668596115414694;-0.3166454586851398,2.7401154431982477;3.196213280758591;1.1159672516717896;-0.4144197066591677
trajectory_range__box_3.0,16,boundary,0.8391615216308607,2.7504480644755933;3.169130497962432;1.1227363139249231;-0.4110607193213496,1.150585633781942;-0.5195789447305992,2.8557243290810654;3.373722208218028;1.0683890348865042;-0.3113867342504686
trajectory_range__box_3.0,17,boundary,0.7658477572814055,2.86976650599095;3.3618180509212117;1.074739415342104;-0.3241345330766765,2.7159809002645483;-0.45558484311881764,3.1546025983712997;3.824007975875071;0.9622521669456745;-0.13310811807436007
trajectory_range__box_3.0,18,boundary,0.8498660199078178,3.033060693415914;4.290917874612702;0.8597735046064194;-0.17126585331461008,0.894543952526341;0.02844756689771466,3.149661292505404;4.42661106285944;0.8620869226911863;-0.16366460324935872
trajectory_range__box_3.0,19,boundary,0.8073743410815714,3.2757961239966766;3.9058052073692027;0.9716631218270271;-0.11601556829487247,1.7325092722392457;-0.7582266010767693,3.4877996206003945;4.179621655518941;0.8522417930248496;0.04585876057246807
trajectory_range__box_3.0,20,boundary,0.7938948494737998,3.4897602717265577;4.148245272300106;0.8567880505061605;0.05563099980699793,2.1956946074199735;-0.4351903198557423,3.7913824775576845;4.467221461518566;0.7699203197326492;0.15367322207210643
trajectory_range__box_3.0,21,boundary,0.7462877890339605,3.7971507973516383;4.426437495235211;0.7734260751961024;0.15953528167175746,3.1910021315359716;-0.22214405288060268,4.267841374440963;4.857261400328535;0.7089840619006438;0.20306593235736337
trajectory_range__box_3.0,22,boundary,0.7841360541405492,4.271894262422137;4.815829660290687;0.7187073050588522;0.21112940999670027,2.136696606004281;-0.6108494087292247,4.609453299656239;5.077475721603378;0.6000527724759923;0.32583611203570095
trajectory_range__box_3.0,23,boundary,0.7716443006321062,4.593367770452885;5.703306801589746;0.44383908054309096;0.2745826562713578,2.242632635020474;-0.7486095407252442,5.011535012646021;5.864310117569652;0.29121579082326177;0.41860187216961675
trajectory_range__box_3.0,24,coord_extreme_minus_2,0.7181652693002741,5.009937548108969;5.209516596413043;0.4596131215112065;0.458299055421739,2.9335699423854678;-0.4486165521468166,5.550062023205942;5.4377456267000515;0.3399723912353423;0.5138673563871703
trajectory_range__box_3.0,25,boundary,0.7253904194523049,5.580800713795755;6.104876990169832;0.1531314969990305;0.47368054878614707,2.564188333544717;-0.7640705184317422,6.09190991530606;6.137671723035538;-0.02497947657989119;0.6063711747544862
trajectory_range__box_3.0,26,boundary,0.5805697034352099,6.091296163220681;6.19236773333074;-0.041728404412709974;0.6319984846085038,4.120183562535132;-0.576684852922746,6.9045304534965934;6.069683504230671;-0.2577327182104634;0.717828128883172
trajectory_range__box_3.0,27,boundary,0.7297600246524453,6.917903652756877;6.170997285494886;-0.29306646094531663;0.7080442733949028,1.8381136301326375;-0.5259205419474666,7.264735390637181;6.049476663616099;-0.3809484351744423;0.730642430832062
trajectory_range__box_3.0,28,uniform,0.6891623922266709,7.257294720469611;6.102452651419136;-0.4027971217043085;0.7275307949191698,2.288114661490356;-0.32330990898069256,7.671946251173887;5.909051666306061;-0.47004895288102055;0.7038946511911433
trajectory_range__box_3.0,29,boundary,0.682671001965657,7.6687297770509435;5.970659045322344;-0.5034281509156275;0.7315033538997442,2.492622917167486;0.5825334815398171,8.11998794028939;5.759632474973853;-0.3714248503607629;0.46491173388878737
trajectory_range__box_3.0,30,boundary,0.6897940383981883,8.117097902781248;5.812309086657216;-0.41808450067681324;0.45401327155523186,2.4527111592397333;1.203185964630693,8.586587641967117;5.675297676079174;-0.14980562412314757;0.05939852965917325
trajectory_range__box_3.0,31,boundary,0.7345226776909658,8.593674242512495;5.751131126114512;-0.2011324018854861;0.023765594597734196,1.7964333335023732;-0.04654583485759001,8.945441841666307;5.678015850881857;-0.20873390091038369;0.030330241229333588
trajectory_range__box_3.0,32,boundary,0.6679179760645957,8.967817794878231;5.319172559088253;0.4479414671334472;0.03189557241668961,2.2129750936896198;-0.09006553727402367,9.368461445702787;5.50724078163411;0.42982212251643004;0.04937613031556287
